date,year_month,year,month_num,month_name,fy,quarter_fy,usd_inr,usd_inr_imputed,inr_mom_pct,inr_yoy_pct,inr_vol_12m,reserves_bn,res_mom_pct,res_yoy_pct,reserves_peak,drawdown_pct,warning_flag,import_cover_months,import_cover_raw,exports_bn,imports_bn,trade_balance_bn,trade_deficit_bn,trade_deficit_12m_bn,imports_3m_avg_bn,imports_yoy_pct,exports_yoy_pct,import_cover_ratio,crude_brent_usd,crude_indian_usd,crude_usd,crude_source,crude_usd_mom_pct,crude_usd_yoy_pct,crude_mom_pct,crude_yoy_pct,oil_imports_bn,nonoil_imports_bn,oil_exports_bn,nonoil_exports_bn,net_oil_imports_bn,oil_import_share_pct,oil_bill_inr_cr,gold_inr_oz,gold_mom_pct,gold_yoy_pct,cpi_index,cpi_inflation_yoy,us_fed_rate,fed_change,bop_overall_bn,current_account_bn,merchandise_bop_bn,invisibles_bn,services_bn,remittances_bn,capital_account_bn,fdi_bn,portfolio_bn,reserve_change_bop_bn,reserve_change_actual_bn,valuation_effect_bn,crisis_flag,crisis_name,fpi_fy_cr_annual,fii_net_cr,fii_3m,petrol_inr_litre,diesel_inr_litre,lpg_inr_cylinder,crude_import_usd_mn,net_oil_import_usd_mn,food_inflation,fuel_inflation,transport_inflation,rural_inflation,urban_inflation,wpi_inflation,gold_demand_tonnes,gold_import_tonnes,gold_share_reserves_pct,gold_reserves_usd_mn
1990-01-31,1990-01,1990,1,Jan,1989-90,Q4,16.92,0,,,,,,,,,0,,,,,,,,,,,,20.95,,20.95,Brent,,,,,,,,,,,,,,,,,8.23,,,,,,,,,,,,,,0,No Crisis,,,,72.69,65.78,688.03,10664.39,74622.0,,,,,,,,,,
1990-02-28,1990-02,1990,2,Feb,1989-90,Q4,16.98,0,0.36,,,,,,,,0,,,,,,,,,,,,19.9,,19.9,Brent,-5.01,,-5.01,,,,,,,,,,,,,,8.24,0.01,,,,,,,,,,,,,0,No Crisis,,,,72.69,65.78,688.03,10664.39,74622.0,,,,,,,,,,
1990-03-31,1990-03,1990,3,Mar,1989-90,Q4,17.13,0,0.85,,,3.96,,,3.96,0.0,0,,,,,,,,,,,,18.45,,18.45,Brent,-7.29,,-7.29,,,,,,,,,,,,,,8.28,0.04,,,,,,,,,,,,,0,No Crisis,,,,72.69,65.78,688.03,10664.39,74622.0,,,,,,,,,,
1990-04-30,1990-04,1990,4,Apr,1990-91,Q1,17.28,0,0.89,,,3.62,-8.51,,3.96,-8.59,0,,1.933760683760684,1.435,1.872,-0.436,0.436,,,,,0.766559829059829,16.75,,16.75,Brent,-9.21,,-9.21,,,,,,,,,,,,,,8.26,-0.02,,,,,,,,,,,,,0,No Crisis,,,,72.69,65.78,688.03,10664.39,74622.0,,,,,,,,,,
1990-05-31,1990-05,1990,5,May,1990-91,Q1,17.36,0,0.48,,,3.7,2.1,,3.96,-6.57,0,,2.0532741398446173,1.496,1.802,-0.306,0.306,,,,,0.830188679245283,16.7,,16.7,Brent,-0.3,,-0.3,,,,,,,,,,,,,,8.18,-0.08,,,,,,,,,,,,,0,No Crisis,,,,72.69,65.78,688.03,10664.39,74622.0,,,,,,,,,,
1990-06-30,1990-06,1990,6,Jun,1990-91,Q1,17.42,0,0.33,,,3.68,-0.43,,3.96,-7.07,0,2.07285016898235,2.2276029055690074,1.322,1.652,-0.33,0.33,,1.7753333333333334,,,0.8002421307506055,15.7,,15.7,Brent,-5.99,,-5.99,,,,,,,,,,,,,,8.29,0.11,-0.17,-1.626,-1.832,0.206,0.214,0.74,1.038,,0.001,-0.31,-0.2799999999999998,0.0300000000000001,1,1991 BoP,,,,72.69,65.78,688.03,10664.39,74622.0,,,,,,,,,,
1990-07-31,1990-07,1990,7,Jul,1990-91,Q2,17.38,0,-0.23,,,3.55,-3.58,,3.96,-10.35,1,2.0425776754890674,2.0170454545454546,1.471,1.76,-0.289,0.289,,1.7380000000000002,,,0.8357954545454546,17.55,,17.55,Brent,11.78,,11.78,,,,,,,,,,,,,,8.15,-0.14,,,,,,,,,,,,,1,1991 BoP,,,,72.69,65.78,688.03,10664.39,74622.0,,,,,,,,,,
1990-08-31,1990-08,1990,8,Aug,1990-91,Q2,17.4,0,0.13,,,3.76,5.77,,3.96,-5.05,0,2.1428571428571432,2.0302375809935205,1.484,1.852,-0.368,0.368,,1.7546666666666664,,,0.8012958963282937,27.05,,27.05,Brent,54.13,,54.13,,,,,,,,,,,,,,8.13,-0.02,,,,,,,,,,,,,1,1991 BoP,,,,72.69,65.78,688.03,10664.39,74622.0,,,,,,,,,,
1990-09-30,1990-09,1990,9,Sep,1990-91,Q2,17.84,0,2.5,,,3.51,-6.49,,3.96,-11.36,1,1.829395413481584,1.6371268656716416,1.447,2.144,-0.697,0.697,,1.9186666666666667,,,0.6749067164179104,34.1,,34.1,Brent,26.06,,26.06,,,,,,,,,,,,,,8.2,0.07,-0.173,-2.208,-2.186,-0.022,0.269,0.602,2.219,,0.001,-0.365,-0.1700000000000003,0.1949999999999996,1,1991 BoP,,,,72.69,65.78,688.03,10664.39,74622.0,,,,,,,,,,
1990-10-31,1990-10,1990,10,Oct,1990-91,Q3,18.09,0,1.44,,,6.21,76.78,,6.21,0.0,0,3.073243154074563,3.005808325266216,1.414,2.066,-0.652,0.652,,2.0206666666666666,,,0.6844143272023233,36.05,,36.05,Brent,5.72,,5.72,,,,,,,,,,,,,,8.11,-0.09,,,,,,,,,,,,,1,1991 BoP,,,,72.69,65.78,688.03,10664.39,74622.0,,,,,,,,,,
1990-11-30,1990-11,1990,11,Nov,1990-91,Q3,18.07,0,-0.12,,,5.72,-7.92,,6.21,-7.89,0,2.567324955116696,2.312045270816492,1.456,2.474,-1.018,1.018,,2.228,,,0.5885206143896523,33.0,,33.0,Brent,-8.46,,-8.46,,,,,,,,,,,,,,7.81,-0.3,,,,,,,,,,,,,1,1991 BoP,,,,72.69,65.78,688.03,10664.39,74622.0,,,,,,,,,,
1990-12-31,1990-12,1990,12,Dec,1990-91,Q3,18.1,0,0.18,,,5.16,-9.86,,6.21,-16.91,1,2.266803338702592,2.254259501965924,1.613,2.289,-0.676,0.676,,2.276333333333333,,,0.7046745303626037,28.0,,28.0,Brent,-15.15,,-15.15,,,,,,,,,,,,,,7.31,-0.5,-1.404,-2.841,-2.703,-0.138,0.27,0.54,1.812,,0.001,-1.537,1.6500000000000004,3.1870000000000003,1,1991 BoP,,,,72.69,65.78,688.03,10664.39,74622.0,,,,,,,,,,
1991-01-31,1991-01,1991,1,Jan,1990-91,Q4,18.29,0,1.02,8.08,0.7600852224945209,6.44,24.92,,6.44,0.0,0,2.7533133817870885,2.857142857142857,1.66,2.254,-0.594,0.594,,2.339,,,0.7364685004436556,23.65,,23.65,Brent,-15.54,12.89,-15.54,12.887828162291171,,,,,,,,,,,,,6.91,-0.4,,,,,,,,,,,,,1,1991 BoP,,,,72.69,65.78,688.03,10664.39,74622.0,,,,,,,,,,
1991-02-28,1991-02,1991,2,Feb,1990-91,Q4,18.87,0,3.15,11.09,1.038280921873879,5.94,-7.7,,6.44,-7.76,0,2.749575682765005,3.0650154798761613,1.519,1.938,-0.419,0.419,,2.160333333333333,,,0.7837977296181631,19.4,,19.4,Brent,-17.97,-2.51,-17.97,-2.5125628140703515,,,,,,,,,,,,,6.25,-0.66,,,,,,,,,,,,,1,1991 BoP,,,,72.69,65.78,688.03,10664.39,74622.0,,,,,,,,,,
1991-03-31,1991-03,1991,3,Mar,1990-91,Q4,19.2,0,1.78,12.11,1.069665410728556,5.83,-1.87,47.22222222222223,6.44,-9.47,0,2.8550440744368264,3.014477766287487,1.791,1.934,-0.143,0.143,5.928,2.0420000000000003,,,0.9260599793174767,19.45,,19.45,Brent,0.26,5.42,0.26,5.420054200542013,,,,,,,,,,,,,6.12,-0.13,-0.746,-3.005,-2.717,-0.288,0.227,0.648,1.985,,0.002,0.933,0.6699999999999999,-0.2630000000000001,1,1991 BoP,,,,72.69,65.78,688.03,10664.39,74622.0,,,,,,,,,,
1991-04-30,1991-04,1991,4,Apr,1991-92,Q1,19.84,0,3.31,14.8,1.2650365307936464,4.9,-16.06,35.35911602209944,6.44,-23.91,1,2.712177121771218,3.165374677002584,1.501,1.548,-0.048,0.048,5.54,1.8066666666666664,-17.307692307692314,4.5993031358885,0.9696382428940568,19.25,,19.25,Brent,-1.03,14.93,-1.03,14.925373134328357,,,,,,,,,,,,,5.91,-0.21,,,,,,,,,,,,,1,1991 BoP,,,,72.69,65.78,688.03,10664.39,74622.0,,,,,,,,,,
1991-05-31,1991-05,1991,5,May,1991-92,Q1,20.54,0,3.53,18.28,1.4128426106344054,4.77,-2.63,28.918918918918912,6.44,-25.93,1,2.8325415676959613,3.0382165605095537,1.33,1.57,-0.24,0.24,5.474,1.6840000000000002,-12.874583795782469,-11.096256684491978,0.8471337579617835,19.3,,19.3,Brent,0.26,15.57,0.26,15.568862275449112,,,,,,,,,,,,,5.78,-0.13,,,,,,,,,,,,,1,1991 BoP,,,,72.69,65.78,688.03,10664.39,74622.0,,,,,,,,,,
1991-06-30,1991-06,1991,6,Jun,1991-92,Q1,21.01,0,2.28,20.58,1.3882130982167709,4.71,-1.2,27.989130434782595,6.44,-26.86,1,2.920024798512089,2.73678094131319,1.269,1.721,-0.452,0.452,5.596,1.6130000000000002,4.176755447941893,-4.009077155824525,0.7373619988378849,18.2,,18.2,Brent,-5.7,15.92,-5.7,15.923566878980887,,,,,,,,,,,,,5.9,0.12,-1.003,-1.439,-1.31,-0.129,-0.036,0.818,0.576,,0.001,-1.109,-1.12,-0.0110000000000001,1,1991 BoP,,,,72.69,65.78,688.03,10664.39,74622.0,,,,,,,,,,
1991-07-31,1991-07,1991,7,Jul,1991-92,Q2,25.47,0,21.24,46.52,5.76816340709147,4.95,4.99,39.43661971830987,6.44,-23.14,1,3.2121998702141465,3.716216216216216,1.326,1.332,-0.006,0.006,5.313000000000001,1.541,-24.318181818181817,-9.85723997280762,0.9954954954954957,19.45,,19.45,Brent,6.87,10.83,6.87,10.826210826210826,,,,,,,,,,,,,5.82,-0.08,,,,,,,,,,,,,1,1991 BoP,,,,72.69,65.78,688.03,10664.39,74622.0,,,,,,,,,,
1991-08-31,1991-08,1991,8,Aug,1991-92,Q2,25.63,0,0.64,47.28,5.743948792187541,4.62,-6.51,22.872340425531924,6.44,-28.26,1,3.0229007633587788,3.015665796344648,1.422,1.532,-0.11,0.11,5.055,1.528333333333333,-17.278617710583156,-4.17789757412399,0.9281984334203656,19.75,,19.75,Brent,1.54,-26.99,1.54,-26.98706099815157,,,,,,,,,,,,,5.66,-0.16,,,,,,,,,,,,,1,1991 BoP,,,,72.69,65.78,688.03,10664.39,74622.0,,,,,,,,,,
1991-09-30,1991-09,1991,9,Sep,1991-92,Q2,25.9,0,1.04,45.18,5.780381331134938,5.26,13.73,49.85754985754986,6.44,-18.32,1,3.5532537716730466,3.335447051363348,1.518,1.577,-0.059,0.059,4.417,1.4803333333333333,-26.445895522388064,4.906703524533507,0.962587190868738,20.5,,20.5,Brent,3.8,-39.88,3.8,-39.88269794721408,,,,,,,,,,,,,5.45,-0.21,-0.058,-1.66,-1.724,0.064,0.301,0.786,0.036,,0.001,0.678,0.5499999999999998,-0.1280000000000002,1,1991 BoP,,,,72.69,65.78,688.03,10664.39,74622.0,,,,,,,,,,
1991-10-31,1991-10,1991,10,Oct,1991-92,Q3,25.81,0,-0.33,42.66,5.85401700984163,5.92,12.57,-4.669887278582929,6.44,-8.07,0,3.707724425887265,3.5217132659131467,1.421,1.681,-0.26,0.26,4.025,1.596666666666667,-18.63504356243949,0.4950495049504955,0.8453301606186794,22.2,,22.2,Brent,8.29,-38.42,8.29,-38.41886269070734,,,,,,,,,,,,,5.21,-0.24,,,,,,,,,,,,,1,1991 BoP,,,,72.69,65.78,688.03,10664.39,74622.0,,,,,,,,,,
1991-11-30,1991-11,1991,11,Nov,1991-92,Q3,25.85,0,0.14,43.03,5.841308228315111,6.22,5.0,8.74125874125875,6.44,-3.42,0,3.884263114071607,4.023285899094437,1.42,1.546,-0.126,0.126,3.133,1.6013333333333335,-37.51010509296686,-2.472527472527475,0.9184993531694696,21.25,,21.25,Brent,-4.28,-35.61,-4.28,-35.60606060606061,,,,,,,,,,,,,4.81,-0.4,,,,,,,,,,,,,1,1991 BoP,,,,72.69,65.78,688.03,10664.39,74622.0,,,,,,,,,,
1991-12-31,1991-12,1991,12,Dec,1991-92,Q3,25.87,0,0.1,42.92,5.845069147010438,7.3,17.45,41.47286821705425,7.3,0.0,0,4.309327036599764,3.935309973045822,1.591,1.855,-0.264,0.264,2.721,1.694,-18.96024464831805,-1.363918164910105,0.8576819407008086,18.4,,18.4,Brent,-13.41,-34.29,-13.41,-34.285714285714285,,,,,,,,,,,,,4.43,-0.38,1.559,1.666,0.281,1.385,0.809,1.507,0.95,,0.001,1.585,2.04,0.455,1,1991 BoP,,,,72.69,65.78,688.03,10664.39,74622.0,,,,,,,,,,
1992-01-31,1992-01,1992,1,Jan,1991-92,Q4,25.98,0,0.42,42.07,5.867546852016272,7.5,2.74,16.45962732919255,7.5,0.0,0,4.437869822485206,4.493708807669263,1.732,1.669,0.062,-0.062,2.065,1.6900000000000002,-25.95385980479148,4.337349397590362,1.037747153984422,18.15,,18.15,Brent,-1.36,-23.26,-1.36,-23.25581395348837,,,,,,,,,,,,,4.03,-0.4,,,,,,,,,,,,,1,1991 BoP,,,,72.69,65.78,688.03,10664.39,74622.0,,,,,,,,,,
1992-02-29,1992-02,1992,2,Feb,1991-92,Q4,25.9,0,-0.33,37.28,5.95070940512494,7.85,4.6,32.15488215488214,7.85,0.0,0,4.515819750719079,4.642223536369012,1.52,1.691,-0.17,0.17,1.816,1.7383333333333333,-12.745098039215684,0.0658327847268047,0.898876404494382,18.1,,18.1,Brent,-0.28,-6.7,-0.28,-6.701030927835038,,,,,,,,,,,,,4.06,0.03,,,,,,,,,,,,,1,1991 BoP,,,,72.69,65.78,688.03,10664.39,74622.0,,,,,,,,,,
1992-03-31,1992-03,1992,3,Mar,1991-92,Q4,25.89,0,-0.03,34.84,6.002137687372875,9.22,17.51,58.147512864494,9.22,0.0,0,5.495728193920127,5.5110579796772265,1.72,1.673,0.047,-0.047,1.626,1.6776666666666669,-13.495346432264732,-3.964265773310993,1.028093245666467,17.6,,17.6,Brent,-2.76,-9.51,-2.76,-9.51156812339331,,,,,,,,,,,,,3.98,-0.08,2.101,0.255,-0.045,0.3,0.133,1.131,2.351,,0.001,2.23,1.9200000000000008,-0.3099999999999991,1,1991 BoP,,,,72.69,65.78,688.03,10664.39,74622.0,,,,,,,,,,
1992-04-30,1992-04,1992,4,Apr,1992-93,Q1,25.89,0,0.0,30.51,6.045824755126215,9.08,-1.52,85.30612244897956,9.22,-1.52,0,5.286241024645838,5.075461151481274,1.387,1.789,-0.403,0.403,1.981,1.7176666666666665,15.568475452196374,-7.594936708860756,0.7752934600335383,18.95,,18.95,Brent,7.67,-1.56,7.67,-1.558441558441559,,,,,,,,,,,,,3.73,-0.25,,,,,,,,,,,,,1,1991 BoP,,,,72.69,65.78,688.03,10664.39,74622.0,,,,,,,,,,
1992-05-31,1992-05,1992,5,May,1992-93,Q1,25.89,0,0.0,26.07,6.071227410724067,8.99,-0.97,88.46960167714887,9.22,-2.49,0,5.0973350973350975,4.915254237288136,1.327,1.829,-0.502,0.502,2.2430000000000003,1.7636666666666667,16.49681528662419,-0.2255639097744399,0.7255330781848004,19.9,,19.9,Brent,5.01,3.11,5.01,3.1088082901554293,,,,,,,,,,,,,3.82,0.09,,,,,,,,,,,,,1,1991 BoP,,,,72.69,65.78,688.03,10664.39,74622.0,,,,,,,,,,
1992-06-30,1992-06,1992,6,Jun,1992-93,Q1,25.89,0,0.0,23.26,6.10060224299804,9.8,8.93,108.06794055201698,9.8,0.0,0,5.227596017069702,4.885343968095714,1.364,2.006,-0.642,0.642,2.433,1.8746666666666665,16.5601394538059,7.48620961386921,0.6799601196410769,21.15,,21.15,Brent,6.28,16.21,6.28,16.208791208791197,,,,,,,,,,,,,3.76,-0.06,0.432,-1.53,-1.642,0.112,-0.14,0.969,2.182,,0.0,0.357,0.5800000000000001,0.2230000000000001,1,1991 BoP,,,,72.69,65.78,688.03,10664.39,74622.0,,,,,,,,,,
1992-07-31,1992-07,1992,7,Jul,1992-93,Q2,25.89,0,-0.0,1.66,0.3918516648844544,10.13,3.42,104.64646464646464,10.13,0.0,0,5.225240715268226,5.113579000504796,1.421,1.981,-0.559,0.559,2.986,1.9386666666666663,48.72372372372374,7.164404223227749,0.7173144876325088,20.25,,20.25,Brent,-4.26,4.11,-4.26,4.113110539845755,,,,,,,,,,,,,3.25,-0.51,,,,,,,,,,,,,0,No Crisis,,,,72.69,65.78,688.03,10664.39,74622.0,,,,,,,,,,
1992-08-31,1992-08,1992,8,Aug,1992-93,Q2,25.89,0,0.0,1.01,0.3594556069020552,9.84,-2.89,112.98701298701296,10.13,-2.86,0,5.158133845885025,5.668202764976958,1.591,1.736,-0.146,0.146,3.022,1.9076666666666664,13.31592689295038,11.884669479606202,0.9164746543778802,19.75,,19.75,Brent,-2.47,0.0,-2.47,0.0,,,,,,,,,,,,,3.3,0.05,,,,,,,,,,,,,0,No Crisis,,,,72.69,65.78,688.03,10664.39,74622.0,,,,,,,,,,
1992-09-30,1992-09,1992,9,Sep,1992-93,Q2,25.89,0,0.0,-0.03,0.1964746108973478,9.32,-5.3,77.18631178707224,10.13,-8.0,0,4.974203878313467,4.894957983193278,1.523,1.904,-0.381,0.381,3.3440000000000003,1.8736666666666668,20.73557387444516,0.3293807641633561,0.7998949579831932,20.25,,20.25,Brent,2.53,-1.22,2.53,-1.2195121951219523,,,,,,,,,,,,,3.22,-0.08,-1.157,-1.331,-1.401,0.07,0.153,0.877,-0.264,,0.154,-0.614,-0.4800000000000004,0.1339999999999995,0,No Crisis,,,,72.69,65.78,688.03,10664.39,74622.0,,,,,,,,,,
1992-10-31,1992-10,1992,10,Oct,1992-93,Q3,25.89,0,0.0,0.3,0.1674134783321349,8.99,-3.45,51.85810810810811,10.13,-11.25,1,5.067643742953777,5.344827586206897,1.567,1.682,-0.114,0.114,3.198,1.774,0.0594883997620421,10.274454609429974,0.9316290130796672,20.3,,20.3,Brent,0.25,-8.56,0.25,-8.558558558558548,,,,,,,,,,,,,3.1,-0.12,,,,,,,,,,,,,0,No Crisis,,,,72.69,65.78,688.03,10664.39,74622.0,,,,,,,,,,
1992-11-30,1992-11,1992,11,Nov,1992-93,Q3,25.89,0,0.0,0.16,0.1635033129123836,8.26,-8.23,32.79742765273313,10.13,-18.46,1,4.546788990825688,4.431330472103004,1.517,1.864,-0.346,0.346,3.418,1.8166666666666669,20.56921086675292,6.83098591549296,0.8138412017167381,19.2,,19.2,Brent,-5.42,-9.65,-5.42,-9.64705882352942,,,,,,,,,,,,,3.09,-0.01,,,,,,,,,,,,,0,No Crisis,,,,72.69,65.78,688.03,10664.39,74622.0,,,,,,,,,,
1992-12-31,1992-12,1992,12,Dec,1992-93,Q3,26.15,0,1.02,1.08,0.334310688377784,8.88,7.63,21.643835616438366,10.13,-12.34,1,4.87465690759378,4.627410109431996,1.48,1.919,-0.439,0.439,3.593,1.8216666666666663,3.4501347708894903,-6.976744186046513,0.7712350182386659,18.15,,18.15,Brent,-5.47,-1.36,-5.47,-1.3586956521739135,,,,,,,,,,,,,2.92,-0.17,-0.597,-0.743,-1.416,0.673,0.581,0.881,-0.456,,0.084,-0.013,-0.4399999999999995,-0.4269999999999995,0,No Crisis,,,,72.69,65.78,688.03,10664.39,74622.0,,,,,,,,,,
1993-01-31,1993-01,1993,1,Jan,1992-93,Q4,26.2,0,0.17,0.83,0.319330502296541,8.69,-2.16,15.866666666666651,10.13,-14.22,1,4.837632213768788,5.410958904109588,1.566,1.606,-0.04,0.04,3.695,1.7963333333333331,-3.7747153984421744,-9.58429561200923,0.975093399750934,17.4,,17.4,Brent,-4.13,-4.13,-4.13,-4.132231404958676,,,,,,,,,,,,,3.02,0.1,,,,,,,,,,,,,0,No Crisis,,,,72.69,65.78,688.03,10664.39,74622.0,,,,,,,,,,
1993-02-28,1993-02,1993,2,Feb,1992-93,Q4,26.2,0,0.0,1.16,0.2951219573277481,8.63,-0.74,9.936305732484096,10.13,-14.81,1,4.831125209927226,4.705561613958561,1.766,1.834,-0.068,0.068,3.593,1.786333333333333,8.456534594914245,16.18421052631578,0.9629225736095964,18.45,,18.45,Brent,6.03,1.93,6.03,1.933701657458542,,,,,,,,,,,,,3.03,0.01,,,,,,,,,,,,,0,No Crisis,,,,72.69,65.78,688.03,10664.39,74622.0,,,,,,,,,,
1993-03-31,1993-03,1993,3,Mar,1992-93,Q4,31.53,0,20.33,21.76,5.844855287629739,9.83,13.94,6.616052060737521,10.13,-2.96,0,5.689754968165155,5.639701663798049,1.974,1.743,0.232,-0.232,3.408,1.727666666666667,4.184100418410042,14.767441860465125,1.1325301204819276,18.75,,18.75,Brent,1.63,6.53,1.63,6.534090909090895,,,,,,,,,,,,,3.07,0.04,0.732,0.078,-0.988,1.066,0.535,1.488,2.414,,0.004,0.968,0.9499999999999992,-0.0180000000000006,0,No Crisis,13.0,,,72.69,65.78,688.03,10664.39,74622.0,,,,,,,,,,
1993-04-30,1993-04,1993,4,Apr,1993-94,Q1,31.31,0,-0.68,20.93,5.867076604134963,10.52,7.03,15.859030837004395,10.52,0.0,0,5.928987413112905,6.025200458190149,1.794,1.746,0.048,-0.048,2.957,1.7743333333333335,-2.403577417551705,29.34390771449172,1.027491408934708,18.65,,18.65,Brent,-0.53,-1.58,-0.53,-1.58311345646438,,,,,,,,,,,,,2.96,-0.11,,,,,,,,,,,,,0,No Crisis,,,,72.69,65.78,688.03,10664.39,74622.0,,,,,,,,,,
1993-05-31,1993-05,1993,5,May,1993-94,Q1,31.33,0,0.06,21.0,5.865487398694366,10.33,-1.84,14.90545050055616,10.52,-1.81,0,5.920901795949561,5.919770773638968,1.691,1.745,-0.054,0.054,2.509,1.7446666666666666,-4.59267359212684,27.43029389600604,0.9690544412607448,18.5,,18.5,Brent,-0.8,-7.04,-0.8,-7.035175879396983,,,,,,,,,,,,,3.0,0.04,,,,,,,,,,,,,0,No Crisis,,,,72.69,65.78,688.03,10664.39,74622.0,,,,,,,,,,
1993-06-30,1993-06,1993,6,Jun,1993-94,Q1,31.41,0,0.25,21.31,5.859179472495195,10.55,2.11,7.653061224489788,10.55,0.0,0,5.787164015359299,5.333670374115268,1.697,1.978,-0.281,0.281,2.148,1.823,-1.395812562313048,24.41348973607038,0.8579373104145602,17.65,,17.65,Brent,-4.59,-16.55,-4.59,-16.548463356973997,,,,,,,,,,,,,3.04,0.04,-0.02,-0.892,-1.129,0.237,-0.095,1.072,0.793,,0.124,0.26,0.7200000000000006,0.4600000000000006,0,No Crisis,,,,72.69,65.78,688.03,10664.39,74622.0,,,,,,,,,,
1993-07-31,1993-07,1993,7,Jul,1993-94,Q2,31.37,0,-0.12,21.17,5.8625624633229805,10.92,3.54,7.798617966436327,10.92,0.0,0,5.7514044943820215,5.534718702483527,1.839,1.973,-0.135,0.135,1.724,1.898666666666667,-0.4038364462392696,29.415904292751584,0.9320831221490116,16.8,,16.8,Brent,-4.82,-17.04,-4.82,-17.037037037037027,,,,,,,,,,,,,3.06,0.02,,,,,,,,,,,,,0,No Crisis,,,,72.69,65.78,688.03,10664.39,74622.0,,,,,,,,,,
1993-08-31,1993-08,1993,8,Aug,1993-94,Q2,31.37,0,0.01,21.18,5.862291412584382,11.24,2.95,14.22764227642277,11.24,0.0,0,5.813793103448275,6.078961600865333,1.74,1.849,-0.109,0.109,1.687,1.9333333333333336,6.509216589861744,9.365179132621003,0.94104921579232,16.7,,16.7,Brent,-0.6,-15.44,-0.6,-15.443037974683548,,,,,,,,,,,,,3.03,-0.03,,,,,,,,,,,,,0,No Crisis,,,,72.69,65.78,688.03,10664.39,74622.0,,,,,,,,,,
1993-09-30,1993-09,1993,9,Sep,1993-94,Q2,31.37,0,-0.0,21.17,5.862291412584382,11.36,1.07,21.88841201716738,11.36,0.0,0,5.950759559979046,5.9632545931758525,1.659,1.905,-0.245,0.245,1.5510000000000002,1.909,0.0525210084033611,8.929743926460931,0.8708661417322835,16.0,,16.0,Brent,-4.19,-20.99,-4.19,-20.98765432098766,,,,,,,,,,,,,3.09,0.06,0.968,-0.656,-1.038,0.382,0.083,1.198,1.177,,0.307,0.922,0.8099999999999987,-0.1120000000000013,0,No Crisis,,,,72.69,65.78,688.03,10664.39,74622.0,,,,,,,,,,
1993-10-31,1993-10,1993,10,Oct,1993-94,Q3,31.37,0,-0.0,21.17,5.862291412584382,11.82,4.07,31.479421579532808,11.82,0.0,0,6.327623126338329,6.389189189189189,1.796,1.85,-0.054,0.054,1.491,1.868,9.98810939357908,14.613911933631153,0.9708108108108108,16.6,,16.6,Brent,3.75,-18.23,3.75,-18.22660098522168,,,,,,,,,,,,,2.99,-0.1,,,,,,,,,,,,,0,No Crisis,,,,72.69,65.78,688.03,10664.39,74622.0,,,,,,,,,,
1993-11-30,1993-11,1993,11,Nov,1993-94,Q3,31.37,0,-0.0,21.17,5.862291412584382,12.18,2.97,47.45762711864408,12.18,0.0,0,6.523835029459025,6.598049837486457,1.682,1.846,-0.164,0.164,1.309,1.867,-0.965665236051505,10.876730388925516,0.9111592632719392,15.15,,15.15,Brent,-8.73,-21.09,-8.73,-21.09375,,,,,,,,,,,,,3.02,0.03,,,,,,,,,,,,,0,No Crisis,,,,72.69,65.78,688.03,10664.39,74622.0,,,,,,,,,,
1993-12-31,1993-12,1993,12,Dec,1993-94,Q3,31.37,0,-0.0,19.94,5.881255019641691,13.85,13.76,55.96846846846846,13.85,0.0,0,6.982019828600236,6.14190687361419,1.921,2.255,-0.334,0.334,1.2040000000000002,1.9836666666666665,17.50911933298591,29.7972972972973,0.8518847006651885,13.6,,13.6,Brent,-10.23,-25.07,-10.23,-25.06887052341597,,,,,,,,,,,,,2.96,-0.06,2.362,-0.154,-1.197,1.043,0.359,1.473,2.354,,0.935,2.339,2.49,0.1510000000000002,0,No Crisis,,,,72.69,65.78,688.03,10664.39,74622.0,,,,,,,,,,
1994-01-31,1994-01,1994,1,Jan,1993-94,Q4,31.37,0,0.0,19.74,5.885395573842597,14.64,5.73,68.46950517836596,14.64,0.0,0,7.345709984947315,7.795527156549522,2.087,1.878,0.209,-0.209,0.955,1.993,16.93648816936486,33.26947637292466,1.1112886048988286,14.25,,14.25,Brent,4.78,-18.1,4.78,-18.103448275862068,,,,,,,,,,,,,3.05,0.09,,,,,,,,,,,,,0,No Crisis,,,,72.69,65.78,688.03,10664.39,74622.0,,,,,,,,,,
1994-02-28,1994-02,1994,2,Feb,1993-94,Q4,31.37,0,-0.0,19.74,5.885395573842597,17.15,17.13,98.72537659327922,17.15,0.0,0,8.565007491260197,9.15154749199573,2.045,1.874,0.171,-0.171,0.716,2.002333333333333,2.1810250817884347,15.798414496036228,1.091248665955176,13.8,,13.8,Brent,-3.16,-25.2,-3.16,-25.20325203252032,,,,,,,,,,,,,3.25,0.2,,,,,,,,,,,,,0,No Crisis,,,,72.69,65.78,688.03,10664.39,74622.0,,,,,,,,,,
1994-03-31,1994-03,1994,3,Mar,1993-94,Q4,31.37,0,0.01,-0.49,0.218401562320946,19.25,12.24,95.82909460834182,19.25,0.0,0,9.37652216268875,7.997507270461154,2.288,2.407,-0.119,0.119,1.067,2.053,38.095238095238095,15.906788247213765,0.95056086414624,13.95,,13.95,Brent,1.09,-25.6,1.09,-25.6,,,,,,,,,,,,,3.34,0.09,5.225,0.544,-0.692,1.236,0.188,1.89,4.571,,2.283,5.202,5.4,0.1980000000000004,0,No Crisis,5127.0,,,72.69,65.78,688.03,10664.39,74622.0,,,,,,,,,,
1994-04-30,1994-04,1994,4,Apr,1994-95,Q1,31.37,0,-0.01,0.19,0.0839191530129557,19.1,-0.82,81.55893536121674,19.25,-0.78,0,9.086584205518555,9.4320987654321,2.03,2.025,0.005,-0.005,1.11,2.102,15.979381443298957,13.154960981047914,1.002469135802469,15.15,,15.15,Brent,8.6,-18.77,8.6,-18.76675603217157,,,,,,,,,,,,,3.56,0.22,,,,,,,,,,,,,0,No Crisis,,,,72.69,65.78,688.03,10664.39,74622.0,,,,,,,,,,
1994-05-31,1994-05,1994,5,May,1994-95,Q1,31.37,0,-0.0,0.13,0.0828836351138426,19.57,2.49,89.44820909970959,19.57,0.0,0,9.20507996237065,10.056526207605344,1.836,1.946,-0.11,0.11,1.166,2.126,11.518624641833796,8.574807806031925,0.9434737923946558,16.2,,16.2,Brent,6.93,-12.43,6.93,-12.43243243243244,,,,,,,,,,,,,4.01,0.45,,,,,,,,,,,,,0,No Crisis,,,,72.69,65.78,688.03,10664.39,74622.0,,,,,,,,,,
1994-06-30,1994-06,1994,6,Jun,1994-95,Q1,31.37,0,0.0,-0.12,0.0352802631748205,20.51,4.79,94.40758293838864,20.51,0.0,0,10.231127369471237,10.03915810083211,1.848,2.043,-0.195,0.195,1.08,2.0046666666666666,3.286147623862501,8.89805539186801,0.9045521292217328,16.75,,16.75,Brent,3.4,-5.1,3.4,-5.099150141643049,,,,,,,,,,,,,4.25,0.24,2.306,-0.352,-1.628,1.276,0.082,1.997,1.098,,1.12,1.175,1.2600000000000016,0.0850000000000015,0,No Crisis,,,,72.69,65.78,688.03,10664.39,74622.0,,,,,,,,,,
1994-07-31,1994-07,1994,7,Jul,1994-95,Q2,31.37,0,0.0,0.0,0.0051492865042434,21.67,5.68,98.44322344322347,21.67,0.0,0,10.505817711700065,9.854479308776718,1.903,2.199,-0.296,0.296,1.241,2.062666666666667,11.454637607704,3.4801522566612286,0.8653933606184631,17.6,,17.6,Brent,5.07,4.76,5.07,4.761904761904767,,,,,,,,,,,,,4.26,0.01,,,,,,,,,,,,,0,No Crisis,,,,72.69,65.78,688.03,10664.39,74622.0,,,,,,,,,,
1994-08-31,1994-08,1994,8,Aug,1994-95,Q2,31.37,0,0.01,0.0,0.0051492865042434,21.72,0.22,93.23843416370106,21.72,0.0,0,9.925361766945924,9.34997847610848,2.171,2.323,-0.152,0.152,1.284,2.188333333333333,25.635478637101137,24.77011494252872,0.9345673697804564,16.8,,16.8,Brent,-4.55,0.6,-4.55,0.5988023952095967,,,,,,,,,,,,,4.47,0.21,,,,,,,,,,,,,0,No Crisis,,,,72.69,65.78,688.03,10664.39,74622.0,,,,,,,,,,
1994-09-30,1994-09,1994,9,Sep,1994-95,Q2,31.37,0,-0.0,-0.0,0.0051492865042434,23.01,5.94,102.55281690140848,23.01,0.0,0,9.915254237288137,9.43032786885246,2.118,2.44,-0.321,0.321,1.36,2.3206666666666664,28.083989501312324,27.667269439421325,0.8680327868852459,15.9,,15.9,Brent,-5.36,-0.62,-5.36,-0.6249999999999978,,,,,,,,,,,,,4.73,0.26,2.33,-1.05,-1.963,0.913,0.129,1.691,2.59,,0.991,2.33,2.5,0.1699999999999999,0,No Crisis,,,,72.69,65.78,688.03,10664.39,74622.0,,,,,,,,,,
1994-10-31,1994-10,1994,10,Oct,1994-95,Q3,31.37,0,0.0,0.0,0.0051492865042434,23.99,4.26,102.9610829103215,23.99,0.0,0,9.745429925524713,9.149504195270785,2.267,2.622,-0.355,0.355,1.6609999999999998,2.4616666666666664,41.729729729729726,26.22494432071269,0.864607170099161,16.4,,16.4,Brent,3.14,-1.2,3.14,-1.2048192771084487,,,,,,,,,,,,,4.76,0.03,,,,,,,,,,,,,0,No Crisis,,,,72.69,65.78,688.03,10664.39,74622.0,,,,,,,,,,
1994-11-30,1994-11,1994,11,Nov,1994-95,Q3,31.39,0,0.06,0.07,0.0178164037451971,23.58,-1.73,93.59605911330048,23.99,-1.71,0,9.47495312081436,9.80865224625624,2.076,2.404,-0.328,0.328,1.825,2.4886666666666666,30.22751895991331,23.42449464922712,0.8635607321131448,17.2,,17.2,Brent,4.88,13.53,4.88,13.531353135313529,,,,,,,,,,,,,5.29,0.53,,,,,,,,,,,,,0,No Crisis,,,,72.69,65.78,688.03,10664.39,74622.0,,,,,,,,,,
1994-12-31,1994-12,1994,12,Dec,1994-95,Q3,31.39,0,-0.01,0.06,0.0183402190922373,23.42,-0.67,69.09747292418776,23.99,-2.38,0,9.116387699493966,8.735546437896307,2.352,2.681,-0.329,0.329,1.82,2.5690000000000004,18.89135254988914,22.436231129619987,0.877284595300261,15.96,,15.96,Brent,-7.21,17.35,-7.21,17.352941176470594,,,,,,,,,,,,,5.45,0.16,0.64,-0.819,-2.941,2.122,0.238,2.606,2.317,,1.097,0.64,0.4100000000000001,-0.2299999999999998,0,No Crisis,,,,72.69,65.78,688.03,10664.39,74622.0,,,,,,,,,,
1995-01-31,1995-01,1995,1,Jan,1994-95,Q4,31.37,0,-0.04,0.01,0.0224957908518068,23.79,1.58,62.49999999999998,23.99,-0.83,0,9.570873005229984,10.029510961214166,2.347,2.372,-0.025,0.025,2.054,2.485666666666667,26.304579339723123,12.458073790129356,0.989460370994941,16.63,,16.63,Brent,4.2,16.7,4.2,16.701754385964907,,,,,,,,,,,,,5.53,0.08,,,,,,,,,,,,,0,No Crisis,,,,72.69,65.78,688.03,10664.39,74622.0,,,,,,,,,,
1995-02-28,1995-02,1995,2,Feb,1994-95,Q4,31.38,0,0.01,0.03,0.0226133508430588,23.95,0.68,39.65014577259476,23.99,-0.17,0,9.411841760544933,9.279349089500194,2.355,2.581,-0.226,0.226,2.451,2.544666666666666,37.72678762006403,15.158924205378966,0.9124370399070127,17.08,,17.08,Brent,2.71,23.77,2.71,23.768115942028967,,,,,,,,,,,,,5.92,0.39,,,,,,,,,,,,,0,No Crisis,,,,72.69,65.78,688.03,10664.39,74622.0,,,,,,,,,,
1995-03-31,1995-03,1995,3,Mar,1994-95,Q4,31.65,0,0.88,0.9,0.2545048668939652,25.19,5.16,30.857142857142872,25.19,0.0,0,9.487758945386066,8.363213811420984,3.02,3.012,0.008,-0.008,2.324,2.655,25.13502285002076,31.993006993007,1.00265604249668,17.01,,17.01,Brent,-0.41,21.94,-0.41,21.935483870967754,,,,,,,,,,,,,5.98,0.06,0.511,-1.148,-2.517,1.369,0.153,2.215,2.497,,0.371,0.499,1.7699999999999996,1.2709999999999997,0,No Crisis,4796.0,,,72.69,65.78,688.03,10664.39,74622.0,,,,,,,,,,
1995-04-30,1995-04,1995,4,Apr,1995-96,Q1,31.41,0,-0.76,0.13,0.3510536089596915,25.04,-0.59,31.099476439790564,25.19,-0.6,0,9.320099255583123,10.149979732468584,2.494,2.467,0.027,-0.027,2.302,2.686666666666667,21.82716049382718,22.85714285714289,1.0109444669639238,18.67,,18.67,Brent,9.76,23.23,9.76,23.23432343234324,,,,,,,,,,,,,6.05,0.07,,,,,,,,,,,,,0,No Crisis,,,,72.69,65.78,688.03,10664.39,74622.0,,,,,,,,,,
1995-05-31,1995-05,1995,5,May,1995-96,Q1,31.42,0,0.02,0.15,0.3510363444880071,24.71,-1.32,26.264690853346973,25.19,-1.91,0,8.726309593878751,8.192970822281167,2.391,3.016,-0.625,0.625,2.817,2.831666666666667,54.98458376156219,30.228758169934643,0.7927718832891246,18.38,,18.38,Brent,-1.55,13.46,-1.55,13.456790123456797,,,,,,,,,,,,,6.01,-0.04,,,,,,,,,,,,,0,No Crisis,,,,72.69,65.78,688.03,10664.39,74622.0,,,,,,,,,,
1995-06-30,1995-06,1995,6,Jun,1995-96,Q1,31.4,0,-0.05,0.1,0.3515161964456602,24.15,-2.24,17.74744027303752,25.19,-4.13,0,8.660052593832178,8.37669094693028,2.418,2.883,-0.464,0.464,3.0860000000000003,2.7886666666666664,41.11600587371511,30.84415584415585,0.8387096774193549,17.35,,17.35,Brent,-5.6,3.58,-5.6,3.5820895522388208,,,,,,,,,,,,,6.0,-0.01,-0.868,-1.35,-2.767,1.417,0.046,1.824,-0.364,,0.325,-1.259,-1.0400000000000027,0.2189999999999972,0,No Crisis,,,,72.69,65.78,688.03,10664.39,74622.0,,,,,,,,,,
1995-07-31,1995-07,1995,7,Jul,1995-96,Q2,31.38,0,-0.07,0.03,0.352277223822702,24.35,0.8,12.367328103368711,25.19,-3.33,0,8.130217028380637,7.890473104342191,2.514,3.086,-0.571,0.571,3.361,2.995,40.336516598453855,32.10719915922227,0.814646791963707,15.86,,15.86,Brent,-8.59,-9.89,-8.59,-9.88636363636365,,,,,,,,,,,,,5.85,-0.15,,,,,,,,,,,,,0,No Crisis,,,,72.69,65.78,688.03,10664.39,74622.0,,,,,,,,,,
1995-08-31,1995-08,1995,8,Aug,1995-96,Q2,31.58,0,0.64,0.66,0.3972938764219905,23.45,-3.69,7.965009208103124,25.19,-6.91,0,7.8131941359395825,7.726523887973641,2.576,3.035,-0.46,0.46,3.669,3.001333333333333,30.65002152389153,18.65499769691388,0.8487644151565074,16.07,,16.07,Brent,1.32,-4.35,1.32,-4.345238095238102,,,,,,,,,,,,,5.74,-0.11,,,,,,,,,,,,,0,No Crisis,,,,72.69,65.78,688.03,10664.39,74622.0,,,,,,,,,,
1995-09-30,1995-09,1995,9,Sep,1995-96,Q2,33.18,0,5.05,5.75,1.4936600866815188,23.48,0.12,2.042590178183401,25.19,-6.79,0,7.700043725404459,7.756854971919392,2.396,3.027,-0.631,0.631,3.979,3.0493333333333337,24.05737704918034,13.125590179414548,0.7915427816319788,16.78,,16.78,Brent,4.42,5.53,4.42,5.534591194968552,,,,,,,,,,,,,5.8,0.06,0.402,-2.108,-2.78,0.672,-0.097,2.011,0.916,,0.595,-0.046,-0.6699999999999982,-0.6239999999999981,0,No Crisis,,,,72.69,65.78,688.03,10664.39,74622.0,,,,,,,,,,
1995-10-31,1995-10,1995,10,Oct,1995-96,Q3,34.54,0,4.11,10.09,1.81159397417653,22.2,-5.44,-7.461442267611506,25.19,-11.87,1,7.505916826327059,7.897545357524013,2.512,2.811,-0.299,0.299,3.923,2.957666666666667,7.208237986270016,10.807234230260264,0.8936321593738883,16.12,,16.12,Brent,-3.93,-1.71,-3.93,-1.707317073170722,,,,,,,,,,,,,5.76,-0.04,,,,,,,,,,,,,0,No Crisis,,,,72.69,65.78,688.03,10664.39,74622.0,,,,,,,,,,
1995-11-30,1995-11,1995,11,Nov,1995-96,Q3,34.74,0,0.59,10.67,1.7977888354780949,21.78,-1.88,-7.6335877862595325,25.19,-13.54,1,7.1676173760421245,6.644295302013423,2.67,3.278,-0.609,0.609,4.204,3.0386666666666664,36.35607321131449,28.612716763005764,0.8145210494203783,16.88,,16.88,Brent,4.71,-1.86,4.71,-1.8604651162790755,,,,,,,,,,,,,5.8,0.04,,,,,,,,,,,,,0,No Crisis,,,,72.69,65.78,688.03,10664.39,74622.0,,,,,,,,,,
1995-12-31,1995-12,1995,12,Dec,1995-96,Q3,34.96,0,0.62,11.37,1.7790412807992584,22.06,1.29,-5.807002561912911,25.19,-12.43,1,7.170097508125677,7.0232410060490285,2.939,3.141,-0.201,0.201,4.076,3.0766666666666667,17.15777694889966,24.95748299319729,0.935689270932824,17.96,,17.96,Brent,6.4,12.53,6.4,12.531328320802016,,,,,,,,,,,,,5.6,-0.2,-0.918,-0.96,-2.66,1.7,0.073,2.332,0.815,,0.3,-1.297,-1.4200000000000017,-0.1230000000000017,0,No Crisis,,,,72.69,65.78,688.03,10664.39,74622.0,,,,,,,,,,
1996-01-31,1996-01,1996,1,Jan,1995-96,Q4,35.74,0,2.23,13.91,1.7887296575723162,20.94,-5.07,-11.979823455233284,25.19,-16.87,1,6.39129107742395,6.140762463343108,2.665,3.41,-0.745,0.745,4.795999999999999,3.276333333333333,43.76053962900508,13.549211759693236,0.781524926686217,17.94,,17.94,Brent,-0.11,7.88,-0.11,7.877330126277826,,,,,,,,,,,,,5.56,-0.04,,,,,,,,,,,,,0,No Crisis,,,,72.69,65.78,688.03,10664.39,74622.0,,,,,,,,,,
1996-02-29,1996-02,1996,2,Feb,1995-96,Q4,36.63,0,2.51,16.75,1.7950713246570589,20.65,-1.4,-13.778705636743217,25.19,-18.02,1,6.512141280353201,6.971640783254557,2.668,2.962,-0.294,0.294,4.863999999999999,3.171,14.761720263463785,13.290870488322714,0.900742741390952,17.97,,17.97,Brent,0.17,5.21,0.17,5.210772833723665,,,,,,,,,,,,,5.22,-0.34,,,,,,,,,,,,,0,No Crisis,,,,72.69,65.78,688.03,10664.39,74622.0,,,,,,,,,,
1996-03-31,1996-03,1996,3,Mar,1995-96,Q4,34.39,0,-6.12,8.66,2.803246359404599,21.69,5.01,-13.894402540690754,25.19,-13.89,1,6.604750304506699,6.232758620689656,3.463,3.48,-0.017,0.017,4.888999999999999,3.2840000000000003,15.537848605577697,14.668874172185433,0.9951149425287356,19.99,,19.99,Brent,11.24,17.52,11.24,17.519106407995277,,,,,,,,,,,,,5.31,0.09,0.163,-1.493,-3.152,1.659,-0.222,2.685,2.723,,1.441,-0.335,-0.3699999999999974,-0.0349999999999974,0,No Crisis,6942.0,,,72.69,65.78,688.03,10664.39,74622.0,,,,,,,,,,
1996-04-30,1996-04,1996,4,Apr,1996-97,Q1,34.24,0,-0.45,9.0,2.7896540461085286,21.62,-0.31,-13.658146964856222,25.19,-14.17,1,6.83672393802045,7.10016420361248,2.908,3.045,-0.137,0.137,5.053,3.162333333333333,23.42926631536277,16.599839615076164,0.955008210180624,21.01,,21.01,Brent,5.1,12.53,5.1,12.533476164970535,,,,,,,,,,,,,5.22,-0.09,,,,,,,,,,,,,0,No Crisis,,,,72.69,65.78,688.03,10664.39,74622.0,,,,,,,,,,
1996-05-31,1996-05,1996,5,May,1996-97,Q1,35.01,0,2.25,11.43,2.8103190533848945,21.62,0.0,-12.505058680696068,25.19,-14.17,1,6.569431783652385,6.457586618876942,2.746,3.348,-0.602,0.602,5.029999999999999,3.2910000000000004,11.007957559681692,14.84734420744458,0.8201911589008364,19.12,,19.12,Brent,-9.0,4.03,-9.0,4.026115342763892,,,,,,,,,,,,,5.24,0.02,,,,,,,,,,,,,0,No Crisis,,,,72.69,65.78,688.03,10664.39,74622.0,,,,,,,,,,
1996-06-30,1996-06,1996,6,Jun,1996-97,Q1,34.98,0,-0.09,11.4,2.811626699433921,22.09,2.18,-8.530020703933738,25.19,-12.31,1,7.155814706835115,7.702231520223152,2.636,2.868,-0.232,0.232,4.798,3.087,-0.5202913631633721,9.015715467328375,0.9191073919107392,18.27,,18.27,Brent,-4.45,5.3,-4.45,5.302593659942345,,,,,,,,,,,,,5.27,0.03,0.906,-2.252,-3.999,1.747,-0.322,2.685,3.1,,0.978,0.639,0.3999999999999986,-0.2390000000000014,0,No Crisis,,,,72.69,65.78,688.03,10664.39,74622.0,,,,,,,,,,
1996-07-31,1996-07,1996,7,Jul,1996-97,Q2,35.51,0,1.5,13.15,2.796887880874349,22.44,1.58,-7.843942505133472,25.19,-10.92,1,7.354965585054082,7.640449438202248,2.689,2.937,-0.248,0.248,4.4750000000000005,3.051,-4.828256642903439,6.961018297533816,0.9155600953353764,19.61,,19.61,Brent,7.33,23.64,7.33,23.64438839848677,,,,,,,,,,,,,5.4,0.13,,,,,,,,,,,,,0,No Crisis,,,,72.69,65.78,688.03,10664.39,74622.0,,,,,,,,,,
1996-08-31,1996-08,1996,8,Aug,1996-97,Q2,35.7,0,0.54,13.03,2.798434085936869,22.44,0.0,-4.30703624733475,25.19,-10.92,1,7.625736293611236,7.423089646046973,2.698,3.023,-0.324,0.324,4.339,2.942666666666667,-0.3953871499176253,4.736024844720488,0.8924909030764141,20.58,,20.58,Brent,4.95,28.06,4.95,28.064716863721205,,,,,,,,,,,,,5.22,-0.18,,,,,,,,,,,,,0,No Crisis,,,,72.69,65.78,688.03,10664.39,74622.0,,,,,,,,,,
1996-09-30,1996-09,1996,9,Sep,1996-97,Q2,35.73,0,0.09,7.7,2.506913471086535,22.9,2.05,-2.470187393526413,25.19,-9.09,0,7.702657248570466,7.739101047651233,2.648,2.959,-0.312,0.312,4.0200000000000005,2.9730000000000003,-2.246448629005615,10.517529215358934,0.8948969246367016,22.59,,22.59,Brent,9.77,34.62,9.77,34.62455303933254,,,,,,,,,,,,,5.3,0.08,1.211,-1.023,-3.495,2.472,0.485,2.793,2.83,,0.878,0.892,0.8099999999999987,-0.0820000000000013,0,No Crisis,,,,72.69,65.78,688.03,10664.39,74622.0,,,,,,,,,,
1996-10-31,1996-10,1996,10,Oct,1996-97,Q3,35.64,0,-0.25,3.19,2.2637559296644367,23.64,3.21,6.486486486486487,25.19,-6.15,0,7.700325732899023,7.323420074349442,2.665,3.228,-0.563,0.563,4.284,3.0700000000000003,14.834578441835644,6.090764331210186,0.8255885997521685,24.18,,24.18,Brent,7.04,50.0,7.04,50.0,,,,,,,,,,,,,5.24,-0.06,,,,,,,,,,,,,0,No Crisis,,,,72.69,65.78,688.03,10664.39,74622.0,,,,,,,,,,
1996-11-30,1996-11,1996,11,Nov,1996-97,Q3,35.74,0,0.27,2.86,2.261720316015837,23.75,0.5,9.044995408631774,25.19,-5.72,0,7.413380501508687,6.936331775700935,2.52,3.424,-0.903,0.903,4.577999999999999,3.203666666666667,4.453935326418534,-5.617977528089879,0.735981308411215,22.64,,22.64,Brent,-6.37,34.12,-6.37,34.12322274881519,,,,,,,,,,,,,5.31,0.07,,,,,,,,,,,,,0,No Crisis,,,,72.69,65.78,688.03,10664.39,74622.0,,,,,,,,,,
1996-12-31,1996-12,1996,12,Dec,1996-97,Q3,35.84,0,0.28,2.51,2.258905607911613,24.11,1.51,9.292837715321856,25.19,-4.29,0,7.2957433931813584,7.391171060698958,2.804,3.262,-0.458,0.458,4.835,3.304666666666668,3.852276345113026,-4.593399115345365,0.8595953402820355,23.9,,23.9,Brent,5.57,33.07,5.57,33.07349665924275,,,,,,,,,,,,,5.29,-0.02,1.69,-1.282,-3.998,2.716,0.396,3.124,3.29,,0.662,1.497,1.2100000000000009,-0.2869999999999992,0,No Crisis,,,,72.69,65.78,688.03,10664.39,74622.0,,,,,,,,,,
1997-01-31,1997-01,1997,1,Jan,1996-97,Q4,35.87,0,0.1,0.37,2.169374124237007,23.97,-0.57,14.469914040114595,25.19,-4.84,0,6.804504163512489,6.174652241112828,2.941,3.882,-0.941,0.941,5.031000000000001,3.522666666666668,13.841642228739005,10.356472795497185,0.7575991756826378,23.47,,23.47,Brent,-1.8,30.82,-1.8,30.82497212931994,,,,,,,,,,,,,5.25,-0.04,,,,,,,,,,,,,0,No Crisis,,,,72.69,65.78,688.03,10664.39,74622.0,,,,,,,,,,
1997-02-28,1997-02,1997,2,Feb,1996-97,Q4,35.89,0,0.05,-2.03,2.0276368914666043,23.67,-1.25,14.624697336561754,25.19,-6.03,0,6.627776740713086,6.630252100840337,2.745,3.57,-0.825,0.825,5.562,3.571333333333333,20.526671168129628,2.8860569715142503,0.7689075630252101,20.83,,20.83,Brent,-11.25,15.92,-11.25,15.915414579855302,,,,,,,,,,,,,5.19,-0.06,,,,,,,,,,,,,0,No Crisis,,,,72.69,65.78,688.03,10664.39,74622.0,,,,,,,,,,
1997-03-31,1997-03,1997,3,Mar,1996-97,Q4,35.87,0,-0.05,4.29,0.7718611902211997,26.42,11.61,21.80728446288613,26.42,0.0,0,7.1949891067538125,7.413019079685747,3.466,3.564,-0.098,0.098,5.643,3.672,2.4137931034482696,0.0866300895177696,0.9725028058361392,19.21,,19.21,Brent,-7.78,-3.9,-7.78,-3.9019509754877335,,,,,,,,,,,,,5.39,0.2,2.986,-0.062,-3.323,3.261,0.167,4.175,2.787,,0.794,2.79,2.3100000000000023,-0.4799999999999977,0,No Crisis,8575.0,,,72.69,65.78,688.03,10664.39,74622.0,,,,,,,,,,
1997-04-30,1997-04,1997,4,Apr,1997-98,Q1,35.81,0,-0.16,4.6,0.7486123526535243,26.67,0.92,23.358001850138766,26.67,0.0,0,7.7574171029668415,8.38679245283019,2.635,3.18,-0.545,0.545,6.051,3.438,4.4334975369458185,-9.387895460797802,0.8286163522012577,17.47,,17.47,Brent,-9.06,-16.85,-9.06,-16.849119466920527,0.7218,2.458,0.0448999999999999,2.59,0.6769000000000001,22.69811320754717,2584.7658,,,,,,5.51,0.12,,,,,,,,,,,,,0,No Crisis,,,,72.69,65.78,688.03,10664.39,74622.0,,,,,,,,,,
1997-05-31,1997-05,1997,5,May,1997-98,Q1,35.81,0,0.0,2.3,0.4650513168164535,28.1,5.36,29.972247918593897,28.1,0.0,0,8.226798087245047,8.021695689409079,3.045,3.503,-0.459,0.459,5.908,3.415666666666666,4.629629629629628,10.888565185724698,0.8692549243505566,19.14,,19.14,Brent,9.56,0.1,9.57,0.1046025104602499,0.7406,2.7626,0.0546,2.9901,0.686,21.141878389951472,2652.0886000000005,,,,,,5.5,-0.01,,,,,,,,,,,,,0,No Crisis,,,,72.69,65.78,688.03,10664.39,74622.0,,,,,,,,,,
1997-06-30,1997-06,1997,6,Jun,1997-98,Q1,35.81,0,-0.01,2.37,0.4612302389624118,29.33,4.4,32.775011317338155,29.33,0.0,0,8.772681954137585,8.763071407230354,2.825,3.347,-0.522,0.522,6.198,3.3433333333333337,16.70153417015343,7.169954476479523,0.8440394383029579,17.55,,17.55,Brent,-8.31,-3.94,-8.32,-3.940886699507384,0.7091000000000001,2.6374,0.0224,2.8024,0.6867000000000001,21.186136838960262,2539.2871000000005,,,,,,5.56,0.06,3.14,-1.362,-4.128,2.766,0.174,3.055,4.19,,0.735,2.97,2.9099999999999966,-0.0600000000000036,1,1998 Asian,,,,72.69,65.78,688.03,10664.39,74622.0,,,,,,,,,,
1997-07-31,1997-07,1997,7,Jul,1997-98,Q2,35.74,0,-0.2,0.65,0.2252069755095788,29.79,1.56,32.754010695187155,29.79,0.0,0,8.590791117946745,8.384463833380241,2.988,3.553,-0.566,0.566,6.516,3.4676666666666667,20.97378277153559,11.119375232428409,0.8409794539825499,18.4,,18.4,Brent,4.84,-6.17,4.84,-6.170321264660894,0.6405,2.9129,0.0343,2.9532,0.6062,18.02701942020828,2289.147,,,,,,5.52,-0.04,,,,,,,,,,,,,1,1998 Asian,,,,72.69,65.78,688.03,10664.39,74622.0,,,,,,,,,,
1997-08-31,1997-08,1997,8,Aug,1997-98,Q2,35.92,0,0.51,0.63,0.2194259038325181,30.23,1.47,34.71479500891266,30.23,0.0,0,9.105421686746988,9.879084967320262,2.819,3.06,-0.241,0.241,6.433,3.3200000000000003,1.2239497188223591,4.484803558191253,0.9212418300653594,18.71,,18.71,Brent,1.68,-9.09,1.68,-9.08649173955295,0.6956,2.3641,0.0407,2.7781,0.6549,22.732026143790847,2498.5952,,,,,,5.54,0.02,,,,,,,,,,,,,1,1998 Asian,,,,72.69,65.78,688.03,10664.39,74622.0,,,,,,,,,,
1997-09-30,1997-09,1997,9,Sep,1997-98,Q2,36.43,0,1.42,1.97,0.452354111757849,29.44,-2.62,28.558951965065525,30.23,-2.61,0,9.023293829178586,9.272440944881891,3.007,3.175,-0.168,0.168,6.289,3.2626666666666666,7.299763433592421,13.55740181268883,0.9470866141732284,18.45,,18.45,Brent,-1.39,-18.33,-1.39,-18.32669322709164,0.6698999999999999,2.5047,0.0312,2.9758,0.6386999999999999,21.0992125984252,2440.4457,,,,,,5.54,0.0,0.676,0.179,-2.692,2.871,0.083,3.701,1.515,,0.492,0.496,0.1100000000000029,-0.385999999999997,1,1998 Asian,,,,72.69,65.78,688.03,10664.39,74622.0,,,,,,,,,,
1997-10-31,1997-10,1997,10,Oct,1997-98,Q3,36.23,0,-0.56,1.64,0.4857257924534537,30.02,1.99,26.988155668358704,30.23,-0.69,0,9.170145606353731,8.371444506413832,3.014,3.586,-0.571,0.571,6.297,3.2736666666666667,11.090458488227984,13.095684803001872,0.8404907975460122,19.85,,19.85,Brent,7.59,-17.91,7.59,-17.90736145574855,0.8231,2.7624,0.0141999999999999,3.0001,0.8089000000000001,22.953151143335194,2982.0913,,,,,,5.5,-0.04,,,,,,,,,,,,,1,1998 Asian,,,,72.69,65.78,688.03,10664.39,74622.0,,,,,,,,,,
1997-11-30,1997-11,1997,11,Nov,1997-98,Q3,37.24,0,2.79,4.2,0.9087566430918822,27.89,-7.09,17.431578947368422,30.23,-7.74,0,8.317097415506959,8.45407699302819,2.6,3.299,-0.7,0.7,6.094,3.353333333333333,-3.650700934579443,3.174603174603185,0.7881176113973932,19.0,,19.0,Brent,-4.28,-16.08,-4.28,-16.077738515901064,0.7169,2.5823,0.0433,2.5564,0.6736,21.730827523491968,2669.7356,,,,,,5.52,0.02,,,,,,,,,,,,,1,1998 Asian,,,,72.69,65.78,688.03,10664.39,74622.0,,,,,,,,,,
1997-12-31,1997-12,1997,12,Dec,1997-98,Q3,39.22,0,5.32,9.44,1.6972872741257097,27.36,-1.93,13.47988386561594,30.23,-9.49,0,7.741935483870967,7.360774818401937,2.913,3.717,-0.804,0.804,6.44,3.5340000000000003,13.948497854077257,3.887303851640511,0.7836965294592413,17.0,,17.0,Brent,-10.53,-28.87,-10.53,-28.87029288702928,0.6856,3.031,0.0139,2.8988,0.6717,18.444982512779124,2688.9232,,,,,,5.5,-0.02,-1.427,-1.758,-4.604,2.846,0.829,2.978,1.164,,0.515,-1.571,-2.080000000000002,-0.5090000000000019,1,1998 Asian,,,,72.69,65.78,688.03,10664.39,74622.0,,,,,,,,,,
1998-01-31,1998-01,1998,1,Jan,1997-98,Q4,39.38,0,0.43,9.8,1.6881377582736197,27.84,1.77,16.14518147684607,30.23,-7.91,0,7.885940893211217,7.787412587412587,2.949,3.575,-0.625,0.625,6.1240000000000006,3.530333333333333,-7.908294693456974,0.2720163209792625,0.8248951048951048,15.09,,15.09,Brent,-11.24,-35.71,-11.24,-35.705155517682144,0.605,2.9695,0.0130999999999999,2.9362,0.5919,16.92307692307692,2382.49,,,,,,5.56,0.06,,,,,,,,,,,,,1,1998 Asian,,,,72.69,65.78,688.03,10664.39,74622.0,,,,,,,,,,
1998-02-28,1998-02,1998,2,Feb,1997-98,Q4,38.89,0,-1.26,8.35,1.780523203664549,27.46,-1.35,16.011829319814108,30.23,-9.16,0,7.492496589358799,7.415608965703484,2.944,3.703,-0.759,0.759,6.058,3.665000000000001,3.72549019607844,7.249544626593796,0.7950310559006212,14.06,,14.06,Brent,-6.83,-32.5,-6.83,-32.50120019203072,0.5791000000000001,3.1238,0.0219,2.922,0.5572,15.638671347556038,2252.1199,,,,,,5.51,-0.05,,,,,,,,,,,,,1,1998 Asian,,,,72.69,65.78,688.03,10664.39,74622.0,,,,,,,,,,
1998-03-31,1998-03,1998,3,Mar,1997-98,Q4,39.5,0,1.58,10.12,1.781459224820192,29.37,6.94,11.165783497350487,30.23,-2.84,0,8.014371475350192,7.903659849300323,3.241,3.716,-0.475,0.475,6.4350000000000005,3.6646666666666654,4.264870931537601,-6.491633006347374,0.8721743810548978,13.08,,13.08,Brent,-6.97,-31.91,-6.97,-31.9104633003644,0.5749,3.1406,0.0222,3.2186,0.5527,15.470936490850375,2270.855,,,,,,5.49,-0.02,2.122,-2.559,-4.083,1.524,0.233,2.475,2.975,,0.086,1.998,2.0100000000000016,0.0120000000000015,1,1998 Asian,5958.0,,,72.69,65.78,688.03,10664.39,74622.0,,,,,,,,,,
1998-04-30,1998-04,1998,4,Apr,1998-99,Q1,39.66,0,0.4,10.73,1.7606188650241077,29.45,0.29,10.42369703787025,30.23,-2.58,0,8.028898582333696,8.214783821478383,2.714,3.585,-0.871,0.871,6.761,3.6680000000000006,12.735849056603763,2.9981024667931733,0.7570432357043235,13.39,,13.39,Brent,2.37,-23.35,2.37,-23.354321694333137,0.521,3.0643,0.0096,2.7045,0.5114,14.532775453277546,2066.286,,,,,,5.45,-0.04,,,,,,,,,,,,,1,1998 Asian,,,,72.69,65.78,688.03,10664.39,74622.0,,,,,,,,,,
1998-05-31,1998-05,1998,5,May,1998-99,Q1,40.47,0,2.05,13.0,1.7681446790521966,28.67,-2.65,2.028469750889683,30.23,-5.16,0,7.7844148791745855,7.649413020277481,2.518,3.748,-1.23,1.23,7.532,3.683,6.994005138452764,-17.30706075533662,0.6718249733191034,14.39,,14.39,Brent,7.47,-24.82,7.47,-24.8171368861024,0.5186000000000001,3.2291,0.0104,2.5071,0.5082000000000001,13.836712913553898,2098.7742000000003,,,,,,5.49,0.04,,,,,,,,,,,,,1,1998 Asian,,,,72.69,65.78,688.03,10664.39,74622.0,,,,,,,,,,
1998-06-30,1998-06,1998,6,Jun,1998-99,Q1,42.24,0,4.38,17.96,1.973554707075072,27.03,-5.71,-7.841800204568694,30.23,-10.59,1,7.726536445926632,8.548387096774194,2.485,3.162,-0.677,0.677,7.686999999999999,3.498333333333333,-5.527337914550346,-12.0353982300885,0.7858950031625553,12.06,,12.06,Brent,-16.19,-31.28,-16.21,-31.28205128205128,0.4347,2.727,0.0150999999999999,2.47,0.4196,13.74762808349146,1836.1728,,,,,,5.56,0.07,-1.758,-2.133,-4.776,2.643,0.475,2.668,-0.093,,-0.423,-1.86,-2.34,-0.4799999999999997,1,1998 Asian,,,,72.69,65.78,688.03,10664.39,74622.0,,,,,,,,,,
1998-07-31,1998-07,1998,7,Jul,1998-99,Q2,42.51,0,0.63,18.95,1.926166509999178,27.09,0.2,-9.063444108761333,30.23,-10.39,1,7.502769571639586,6.907190209077001,2.781,3.922,-1.141,1.141,8.262,3.610666666666667,10.385589642555605,-6.927710843373491,0.7090770015298318,12.01,,12.01,Brent,-0.41,-34.73,-0.4,-34.72826086956521,0.5368999999999999,3.3853,0.0261,2.7549,0.5107999999999999,13.689444161142273,2282.3619,,,,,,5.54,-0.02,,,,,,,,,,,,,1,1998 Asian,,,,72.69,65.78,688.03,10664.39,74622.0,,,,,,,,,,
1998-08-31,1998-08,1998,8,Aug,1998-99,Q2,42.76,0,0.58,19.03,1.923084643341144,27.76,2.5,-8.170691366192518,30.23,-8.17,0,7.9359634076615215,8.140762463343108,2.985,3.41,-0.424,0.424,8.445,3.498,11.43790849673203,5.888612983327413,0.8753665689149559,11.88,,11.88,Brent,-1.08,-36.5,-1.08,-36.50454302512025,0.5044,2.9052,0.0086,2.9767,0.4957999999999999,14.791788856304985,2156.8144,,,,,,5.55,0.01,,,,,,,,,,,,,1,1998 Asian,,,,72.69,65.78,688.03,10664.39,74622.0,,,,,,,,,,
1998-09-30,1998-09,1998,9,Sep,1998-99,Q2,42.52,0,-0.55,16.72,2.0107595052314875,29.18,5.1,-0.8831521739130488,30.23,-3.47,0,7.9408563134978225,7.903575297941495,2.673,3.692,-1.019,1.019,9.296,3.674666666666667,16.28346456692915,-11.10741602926505,0.7239978331527627,13.36,,13.36,Brent,12.46,-27.59,12.45,-27.58807588075881,0.6537999999999999,3.0383,0.01,2.6632,0.6437999999999999,17.70855904658721,2779.9576,,,,,,5.51,-0.04,1.875,-1.006,-3.372,2.366,0.598,2.68,4.048,,-0.117,1.778,2.1499999999999986,0.3719999999999985,1,1998 Asian,,,,72.69,65.78,688.03,10664.39,74622.0,,,,,,,,,,
1998-10-31,1998-10,1998,10,Oct,1998-99,Q3,42.33,0,-0.44,16.86,2.0008564454131896,29.76,1.97,-0.8660892738174497,30.23,-1.55,0,8.464966341139661,8.638606676342526,2.609,3.445,-0.836,0.836,9.561,3.5156666666666667,-3.931957612939208,-13.437292634372922,0.7573294629898404,12.56,,12.56,Brent,-5.99,-36.73,-5.99,-36.72544080604534,0.6088,2.8361,0.0035,2.6054,0.6053000000000001,17.671988388969524,2577.0504,,,,,,5.07,-0.44,,,,,,,,,,,,,1,1998 Asian,,,,72.69,65.78,688.03,10664.39,74622.0,,,,,,,,,,
1998-11-30,1998-11,1998,11,Nov,1998-99,Q3,42.38,0,0.11,13.82,1.9719308719213136,29.67,-0.3,6.382215847974182,30.23,-1.85,0,8.380566801619434,8.516073478760047,2.775,3.484,-0.71,0.71,9.571,3.5403333333333333,5.607759927250688,6.730769230769229,0.7964982778415614,10.92,,10.92,Brent,-13.06,-42.53,-13.06,-42.52631578947369,0.5932999999999999,2.891,0.0031,2.7717,0.5902,17.0292766934558,2514.4054,,,,,,4.83,-0.24,,,,,,,,,,,,,1,1998 Asian,,,,72.69,65.78,688.03,10664.39,74622.0,,,,,,,,,,
1998-12-31,1998-12,1998,12,Dec,1998-99,Q3,42.55,0,0.41,8.51,1.4602884729540304,30.06,1.31,9.868421052631572,30.23,-0.56,0,8.61976677499522,8.508349844324936,2.786,3.533,-0.747,0.747,9.514,3.4873333333333334,-4.950228679042246,-4.359766563680045,0.7885649589583923,9.8,,9.8,Brent,-10.26,-42.35,-10.26,-42.35294117647058,0.4201,3.1129,0.0,2.7863,0.4201,11.890744409849988,1787.5255,,,,,,4.68,-0.15,0.827,-1.205,-3.429,2.224,0.757,2.509,0.756,,-0.149,0.736,0.879999999999999,0.143999999999999,1,1998 Asian,,,,72.69,65.78,688.03,10664.39,74622.0,,,,,,,,,,
1999-01-31,1999-01,1999,1,Jan,1998-99,Q4,42.51,0,-0.11,7.93,1.47736148917486,30.44,1.29,9.339080459770122,30.44,0.0,0,8.72873255591665,8.835994194484762,2.743,3.445,-0.702,0.702,9.591,3.4873333333333334,-3.6363636363636487,-6.985418786029163,0.7962264150943397,11.06,,11.06,Brent,12.86,-26.71,12.86,-26.706428098078195,0.5122000000000001,2.9325,0.0,2.7426,0.5122000000000001,14.86792452830189,2177.3622000000005,,,,,,4.63,-0.05,,,,,,,,,,,,,1,1998 Asian,,,,72.69,65.78,688.03,10664.39,74622.0,,,,,,,,,,
1999-02-28,1999-02,1999,2,Feb,1998-99,Q4,42.47,0,-0.1,9.2,1.3755891299895635,30.76,1.03,12.017479970866706,30.76,0.0,0,8.994152046783626,9.372333942717855,2.854,3.282,-0.428,0.428,9.26,3.42,-11.369160140426684,-3.057065217391297,0.8695917123705058,10.2,,10.2,Brent,-7.78,-27.45,-7.78,-27.453769559032725,0.4219,2.86,0.0032,2.8505,0.4187,12.85496648385131,1791.8093,,,,,,4.76,0.13,,,,,,,,,,,,,1,1998 Asian,,,,72.69,65.78,688.03,10664.39,74622.0,,,,,,,,,,
1999-03-31,1999-03,1999,3,Mar,1998-99,Q4,42.45,0,-0.04,7.46,1.3656500283747626,32.49,5.63,10.623084780388158,32.49,0.0,0,9.354126679462572,8.797725426482534,3.278,3.693,-0.415,0.415,9.2,3.473333333333333,-0.6189451022605041,1.141622955877808,0.8876252369347414,12.47,,12.47,Brent,22.25,-4.66,22.25,-4.663608562691124,0.6244,3.0686,0.0,3.2777,0.6244,16.907663146493366,2650.578,,,,,,4.81,0.05,3.278,0.306,-1.669,1.975,0.335,2.73,3.724,,0.621,3.175,2.430000000000004,-0.7449999999999966,1,1998 Asian,29826.0,,,72.69,65.78,688.03,10664.39,74622.0,,,,,,,,,,
1999-04-30,1999-04,1999,4,Apr,1999-00,Q1,42.72,0,0.65,7.74,1.364061171204528,32.54,0.15,10.49235993208828,32.54,0.0,0,9.474910220324176,9.777644230769232,2.735,3.328,-0.594,0.594,8.923,3.434333333333333,-7.168758716875878,0.773765659543102,0.8218149038461539,15.3,,15.3,Brent,22.69,14.26,22.69,14.26437640029874,0.6304,2.6978,0.0,2.7345,0.6304,18.942307692307693,2693.0688,,,,,,4.74,-0.07,,,,,,,,,,,,,1,1998 Asian,,,,72.69,65.78,688.03,10664.39,74622.0,,,,,,,,,,
1999-05-31,1999-05,1999,5,May,1999-00,Q1,42.77,0,0.11,5.68,1.2937223134206253,33.48,2.88,16.777118939658166,33.48,0.0,0,9.40625585315602,9.15504511894996,2.672,3.657,-0.985,0.985,8.677999999999999,3.559333333333333,-2.4279615795090748,6.11596505162828,0.7306535411539513,15.14,,15.14,Brent,-1.05,5.21,-1.05,5.211952744961779,0.7484,2.9083,0.0,2.6719,0.7484,20.464861908668304,3200.9068,,,,,,4.74,0.0,,,,,,,,,,,,,1,1998 Asian,,,,72.69,65.78,688.03,10664.39,74622.0,,,,,,,,,,
1999-06-30,1999-06,1999,6,Jun,1999-00,Q1,43.14,0,0.85,2.11,0.4495351134025117,33.26,-0.63,23.04846466888641,33.48,-0.66,0,9.361981610058171,9.055268173155458,2.764,3.673,-0.909,0.909,8.91,3.552666666666667,16.160657811511705,11.227364185110655,0.7525183773482167,15.77,,15.77,Brent,4.16,30.76,4.16,30.762852404643446,0.8126,2.86,0.0186999999999999,2.7454,0.7938999999999999,22.123604682820584,3505.5563999999995,,,,,,4.76,0.02,1.49,-1.569,-3.971,2.402,0.412,2.801,1.831,,0.899,1.412,0.769999999999996,-0.6420000000000039,1,1998 Asian,,,,72.69,65.78,688.03,10664.39,74622.0,,,,,,,,,,
1999-07-31,1999-07,1999,7,Jul,1999-00,Q2,43.28,0,0.35,1.82,0.4306408191886901,33.42,0.47,23.36655592469548,33.48,-0.18,0,8.690300771431048,7.943903018778228,3.143,4.207,-1.064,1.064,8.833,3.845666666666667,7.266700662927072,13.016900395541152,0.7470881863560732,19.01,,19.01,Brent,20.55,58.28,20.55,58.28476269775189,0.7825,3.4243,0.0114,3.1311,0.7711,18.599952460185406,3386.66,,,,,,4.99,0.23,,,,,,,,,,,,,0,No Crisis,,,,72.69,65.78,688.03,10664.39,74622.0,,,,,,,,,,
1999-08-31,1999-08,1999,8,Aug,1999-00,Q2,43.46,0,0.4,1.64,0.4172928627874245,33.27,-0.46,19.848703170028827,33.48,-0.63,0,8.279552053090004,7.968862275449103,3.169,4.175,-1.006,1.006,9.415,4.0183333333333335,22.4340175953079,6.164154103852604,0.7590419161676647,20.22,,20.22,Brent,6.37,70.2,6.37,70.20202020202018,0.8842000000000001,3.291,0.0,3.1689000000000003,0.8842000000000001,21.178443113772456,3842.7332000000006,,,,,,5.07,0.08,,,,,,,,,,,,,0,No Crisis,,,,72.69,65.78,688.03,10664.39,74622.0,,,,,,,,,,
1999-09-30,1999-09,1999,9,Sep,1999-00,Q2,43.53,0,0.17,2.38,0.3569907901366856,33.2,-0.2,13.77655928718302,33.48,-0.84,0,7.655061102144341,7.172175415856557,3.17,4.629,-1.459,1.459,9.855,4.337,25.379198266522195,18.59334081556303,0.6848131345863038,22.4,,22.4,Brent,10.78,67.66,10.78,67.66467065868262,0.8947999999999999,3.734,0.0,3.1697,0.8947999999999999,19.3303089220134,3895.0644,,,,,,5.22,0.15,-0.513,-0.998,-3.382,2.384,0.32,3.084,1.871,,0.45,-0.591,-0.0599999999999951,0.5310000000000048,0,No Crisis,,,,72.69,65.78,688.03,10664.39,74622.0,,,,,,,,,,
1999-10-31,1999-10,1999,10,Oct,1999-00,Q3,43.45,0,-0.2,2.64,0.3232036603452951,33.8,1.81,13.57526881720428,33.8,0.0,0,7.829511234653694,8.150470219435736,3.138,4.147,-1.009,1.009,10.028,4.317,20.377358490566056,20.275967803756224,0.7566915842777912,21.95,,21.95,Brent,-2.01,74.76,-2.01,74.76114649681527,0.8791,3.2682,0.0,3.138,0.8791,21.198456715698093,3819.6895,,,,,,5.2,-0.02,,,,,,,,,,,,,0,No Crisis,,,,72.69,65.78,688.03,10664.39,74622.0,,,,,,,,,,
1999-11-30,1999-11,1999,11,Nov,1999-00,Q3,43.4,0,-0.12,2.4,0.3366445387267352,34.36,1.64,15.807212672733396,34.36,0.0,0,7.99503606608237,8.345882924459557,2.937,4.117,-1.18,1.18,10.498,4.297666666666666,18.168771526980485,5.837837837837845,0.7133835316978382,24.59,,24.59,Brent,12.03,125.18,12.03,125.1831501831502,0.9938,3.123,0.0,2.9365,0.9938,24.13893611853291,4313.092,,,,,,5.42,0.22,,,,,,,,,,,,,0,No Crisis,,,,72.69,65.78,688.03,10664.39,74622.0,,,,,,,,,,
1999-12-31,1999-12,1999,12,Dec,1999-00,Q3,43.48,0,0.2,2.19,0.3299862256078275,34.94,1.68,16.23419827012642,34.94,0.0,0,8.138830654553924,7.570964247020584,3.068,4.615,-1.548,1.548,11.299,4.293,30.62553071044438,10.122038765254835,0.6647887323943662,25.59,,25.59,Brent,4.07,161.12,4.07,161.1224489795918,0.8546,3.7608,0.0,3.0679000000000003,0.8546,18.51787648970748,3715.8008,,,,,,5.3,-0.12,2.102,-0.971,-4.651,3.68,1.163,3.307,2.581,,0.346,2.024,1.7399999999999949,-0.2840000000000051,0,No Crisis,,,,72.69,65.78,688.03,10664.39,74622.0,,,,,,,,,,
2000-01-31,2000-01,2000,1,Jan,1999-00,Q4,43.55,0,0.15,2.46,0.3175140178246346,34.9,-0.11,14.651773981603132,34.94,-0.11,0,8.302275790976132,8.997164217581851,2.748,3.879,-1.132,1.132,11.729,4.203666666666666,12.597968069666198,0.1822821728035162,0.7084300077339521,25.38,,25.38,Brent,-0.82,129.48,-0.82,129.4755877034358,0.9052,2.974,0.0,2.7477,0.9052,23.33591131734984,3942.146,,,,,,5.45,0.15,,,,,,,,,,,,,0,No Crisis,,,,72.69,65.78,688.03,10664.39,74622.0,,,,,,,,,,
2000-02-29,2000-02,2000,2,Feb,1999-00,Q4,43.61,0,0.15,2.7,0.3038278519760071,35.9,2.89,16.71001300390116,35.9,0.0,0,8.389157189593394,8.26427255985267,3.404,4.344,-0.94,0.94,12.241,4.279333333333334,32.3583180987203,19.271198318149963,0.7836095764272559,27.7,,27.7,Brent,9.14,171.57,9.16,171.56862745098042,1.0237,3.3206,0.0,3.404,1.0237,23.5658379373849,4464.3557,,,,,,5.73,0.28,,,,,,,,,,,,,0,No Crisis,,,,72.69,65.78,688.03,10664.39,74622.0,,,,,,,,,,
2000-03-31,2000-03,2000,3,Mar,1999-00,Q4,43.59,0,-0.06,2.68,0.3054492468876512,38.04,5.94,17.082179132040622,38.04,0.0,0,8.71544218726134,7.809484705399301,3.86,4.871,-1.012,1.012,12.838,4.364666666666667,31.89818575683727,17.754728492983517,0.7924450831451446,27.47,,27.47,Brent,-0.83,120.29,-0.85,120.28869286287085,1.3835,3.4879,0.0,3.8598,1.3835,28.40279203448983,6030.6765000000005,,,,,,5.85,0.12,3.323,-1.16,-5.837,4.677,2.169,3.446,4.161,,1.329,3.297,3.1000000000000014,-0.1969999999999987,0,No Crisis,10121.0,,,72.69,65.78,688.03,10664.39,74622.0,,,,,,,,,,
2000-04-30,2000-04,2000,4,Apr,2000-01,Q1,43.64,0,0.12,2.14,0.2745023044557296,37.9,-0.37,16.472034419176396,38.04,-0.37,0,8.350470035252643,8.611679163826404,3.31,4.401,-1.091,1.091,13.335,4.538666666666667,32.24158653846154,21.023765996343705,0.7521017950465804,22.54,22.51,22.51,Indian Basket,-18.06,47.12,-17.95,47.320261437908485,1.2953,3.1058000000000003,0.0,3.3099000000000003,1.2953,29.43194728470802,5652.6892,,,,,,6.02,0.17,,,,,,,,,,,,,0,No Crisis,,,,72.69,65.78,688.03,10664.39,74622.0,,,,,,,,,,
2000-05-31,2000-05,2000,5,May,2000-01,Q1,43.98,0,0.79,2.83,0.3250268054213607,37.24,-1.72,11.23058542413382,38.04,-2.1,0,8.18881477680862,8.519789521848546,3.577,4.371,-0.794,0.794,13.144,4.547666666666667,19.52420016406893,33.86976047904191,0.8183482040722946,27.34,26.6,26.6,Indian Basket,18.17,75.69,21.3,80.58124174372523,1.3333,3.0372,0.0062,3.5706,1.3271,30.50331731869137,5863.853399999999,,,,,,6.27,0.25,,,,,,,,,,,,,0,No Crisis,,,,72.69,65.78,688.03,10664.39,74622.0,,,,,,,,,,
2000-06-30,2000-06,2000,6,Jun,2000-01,Q1,44.69,0,1.61,3.6,0.4888638652916265,36.73,-1.38,10.432952495490078,38.04,-3.44,0,8.608593749999999,9.118669314796426,3.455,4.028,-0.573,0.573,12.808,4.266666666666667,9.66512387693983,25.00000000000002,0.8577457795431978,29.68,28.49,28.49,Indian Basket,7.11,80.66,8.55,88.20545339251744,1.3406,2.6871,0.106,3.349,1.2346,33.28202581926515,5991.1414,,,,,,6.53,0.26,-1.008,-2.563,-3.493,0.93,-0.383,3.192,1.623,0.924,0.789,-1.034,-1.3100000000000025,-0.2760000000000022,0,No Crisis,,,,72.69,65.78,688.03,10664.39,74622.0,,,,,,,,,,
2000-07-31,2000-07,2000,7,Jul,2000-01,Q2,44.78,0,0.2,3.45,0.4892937086590467,36.23,-1.36,8.408138839018541,38.04,-4.76,0,8.434735371721247,8.074437263204812,3.526,4.487,-0.961,0.961,12.705,4.295333333333333,6.655574043261248,12.185809735921094,0.7858257187430354,28.53,27.26,27.26,Indian Basket,-4.32,43.4,-3.87,50.07890583903208,1.5255999999999998,2.9613,0.1257,3.4006,1.3999,34.00044573211499,6831.636799999999,,,,,,6.54,0.01,,,,,,,,,,,,,0,No Crisis,,,,72.69,65.78,688.03,10664.39,74622.0,,,,,,,,,,
2000-08-31,2000-08,2000,8,Aug,2000-01,Q2,45.68,0,2.01,5.11,0.6995171494854382,35.62,-1.69,7.063420498947992,38.04,-6.36,0,8.543332267348896,8.9206110693714,3.67,3.993,-0.324,0.324,12.023,4.169333333333333,-4.35928143712575,15.809403597349323,0.9191084397695968,29.43,28.33,28.33,Indian Basket,3.93,40.11,3.15,45.548961424332354,1.4375,2.5554,0.1142,3.5552,1.3233,36.000500876533934,6566.500000000001,,,,,,6.5,-0.04,,,,,,,,,,,,,0,No Crisis,,,,72.69,65.78,688.03,10664.39,74622.0,,,,,,,,,,
2000-09-30,2000-09,2000,9,Sep,2000-01,Q2,45.89,0,0.46,5.41,0.6951536782349834,35.44,-0.51,6.746987951807215,38.04,-6.83,0,8.352580721187838,8.340786067309955,3.848,4.249,-0.401,0.401,10.965,4.243,-8.209116439835817,21.388012618296525,0.9056248529065662,32.62,31.34,31.34,Indian Basket,10.62,39.91,10.84,45.62500000000001,1.4021,2.8471,0.2169,3.6312,1.1851999999999998,32.99835255354201,6434.236899999999,,,,,,6.52,0.02,-0.414,-1.631,-3.962,2.331,0.667,2.656,1.513,0.804,0.396,-0.414,-1.2899999999999991,-0.8759999999999992,0,No Crisis,,,,72.69,65.78,688.03,10664.39,74622.0,,,,,,,,,,
2000-10-31,2000-10,2000,10,Oct,2000-01,Q3,46.34,0,0.99,6.66,0.6798774399355546,34.9,-1.52,3.2544378698224907,38.04,-8.25,0,8.371981448904526,8.184803001876173,3.719,4.264,-0.545,0.545,10.501,4.168666666666667,2.8213166144200663,18.514977692797952,0.87218574108818,30.93,30.5,30.5,Indian Basket,-2.68,38.95,-5.18,40.9111617312073,1.4322,2.8317,0.2148,3.5041,1.2174,33.58818011257036,6636.8148,,,,,,6.51,-0.01,,,,,,,,,,,,,0,No Crisis,,,,72.69,65.78,688.03,10664.39,74622.0,,,,,,,,,,
2000-11-30,2000-11,2000,11,Nov,2000-01,Q3,46.78,0,0.94,7.79,0.6544810574382156,39.04,11.87,13.62048894062864,39.04,0.0,0,8.865339489819089,8.309919114516815,3.604,4.698,-1.094,1.094,10.415,4.403666666666667,14.112217634199675,22.71024855294519,0.767134951042997,32.52,30.93,30.93,Indian Basket,1.41,25.78,5.15,32.24888165921107,1.6142,3.0833000000000004,0.2691,3.3345,1.3451,34.3593018305662,7551.2276,,,,,,6.51,0.0,,,,,,,,,,,,,0,No Crisis,,,,72.69,65.78,688.03,10664.39,74622.0,,,,,,,,,,
2000-12-31,2000-12,2000,12,Dec,2000-01,Q3,46.75,0,-0.06,7.51,0.6740222997839544,40.08,2.66,14.710933028048087,40.08,0.0,0,9.293553872314112,10.080482897384304,3.657,3.976,-0.319,0.319,9.186,4.312666666666667,-13.846153846153852,19.198174706649283,0.91976861167002,25.13,23.25,23.25,Indian Basket,-24.83,-9.14,-22.75,-1.7975771785853856,1.1025,2.8734,0.2457,3.4116,0.8568,27.72887323943662,5154.1875,,,,,,6.4,-0.11,4.169,0.755,-3.278,4.033,0.973,4.142,3.032,0.704,-0.168,4.169,4.640000000000001,0.471000000000001,0,No Crisis,,,,72.69,65.78,688.03,10664.39,74622.0,,,,,,,,,,
2001-01-31,2001-01,2001,1,Jan,2000-01,Q4,46.54,0,-0.44,6.87,0.7297129987920258,41.12,2.6,17.82234957020057,41.12,0.0,0,9.727939436952925,10.262041427501872,3.666,4.007,-0.34,0.34,8.394,4.226999999999999,3.2998195411188425,33.40611353711789,0.9148989268779636,25.64,24.02,24.02,Indian Basket,3.31,-5.36,2.03,1.024428684003165,1.2192,2.7873,0.215,3.4512,1.0042,30.426753181931627,5674.1568,,,,,,5.98,-0.42,,,,,,,,,,,,,0,No Crisis,,,,72.69,65.78,688.03,10664.39,74622.0,,,,,,,,,,
2001-02-28,2001-02,2001,2,Feb,2000-01,Q4,46.52,0,-0.06,6.66,0.74281813916919,41.61,1.19,15.905292479108637,41.61,0.0,0,10.911713286713288,12.03644778709864,3.695,3.457,0.238,-0.238,7.216,3.813333333333333,-20.41896869244937,8.548766157461806,1.0688458200752098,27.41,25.92,25.92,Indian Basket,7.91,-6.43,6.9,-1.046931407942231,0.9373,2.5197,0.1502,3.5445,0.7870999999999999,27.11310384726641,4360.3196,,,,,,5.49,-0.49,,,,,,,,,,,,,0,No Crisis,,,,72.69,65.78,688.03,10664.39,74622.0,,,,,,,,,,
2001-03-31,2001-03,2001,3,Mar,2000-01,Q4,46.62,0,0.22,6.96,0.7264171103311158,42.28,1.62,11.146161934805466,42.28,0.0,0,10.49218297625941,9.141621621621622,4.309,4.625,-0.316,0.316,6.5200000000000005,4.0296666666666665,-5.050297680147819,11.632124352331608,0.9316756756756756,24.4,23.82,23.82,Indian Basket,-8.1,-13.29,-10.98,-11.175828176192216,1.0574,3.5678,0.1535,4.155600000000001,0.9039,22.862702702702705,4929.5988,,,,,,5.31,-0.18,3.121,0.773,-1.727,2.5,0.435,3.116,2.672,0.84,1.573,3.121,2.200000000000003,-0.9209999999999972,0,No Crisis,9934.0,,,72.69,65.78,688.03,10664.39,74622.0,,,,,,,,,,
2001-04-30,2001-04,2001,4,Apr,2001-02,Q1,46.78,0,0.35,7.21,0.7165759280118548,42.53,0.58,12.216358839050145,42.53,0.0,0,10.478810775295663,10.388373229115778,3.115,4.094,-0.979,0.979,6.408,4.058666666666666,-6.975687343785497,-5.891238670694854,0.7608695652173914,25.64,24.82,24.82,Indian Basket,4.2,10.26,5.11,13.7533274179237,1.1968,2.8971,0.1268,2.9882,1.0699999999999998,29.23302393746946,5598.6304,,,,,,4.8,-0.51,,,,,,,,,,,,,0,No Crisis,,,,72.69,65.78,688.03,10664.39,74622.0,,,,,,,,,,
2001-05-31,2001-05,2001,5,May,2001-02,Q1,46.92,0,0.29,6.68,0.7180545054014097,42.99,1.09,15.440386680988194,42.99,0.0,0,9.62965728365564,9.197689345314506,3.629,4.674,-1.045,1.045,6.659000000000001,4.464333333333333,6.932052161976654,1.4537321778026246,0.7764227642276422,28.45,26.95,26.95,Indian Basket,8.58,1.32,10.96,4.059985369422092,1.4722,3.202,0.1753,3.4539,1.2969,31.49764655541292,6907.562400000001,,,,,,4.21,-0.59,,,,,,,,,,,,,0,No Crisis,,,,72.69,65.78,688.03,10664.39,74622.0,,,,,,,,,,
2001-06-30,2001-06,2001,6,Jun,2001-02,Q1,47.0,0,0.18,5.18,0.6391092285835,43.45,1.08,18.295671113531185,43.45,0.0,0,10.195541650371528,10.816529748568584,3.612,4.017,-0.405,0.405,6.491,4.261666666666668,-0.2730883813306661,4.544138929088271,0.8991784914115011,27.72,26.63,26.63,Indian Basket,-1.19,-6.53,-2.55,-6.6037735849056585,1.228,2.7893000000000003,0.1423,3.4699,1.0857,30.57007717201892,5771.6,,,,,,3.97,-0.24,1.462,1.127,-3.967,5.094,1.018,5.227,0.128,0.808,0.935,1.462,1.1700000000000017,-0.2919999999999982,0,No Crisis,,,,72.69,65.78,688.03,10664.39,74622.0,,,,,,,,,,
2001-07-31,2001-07,2001,7,Jul,2001-02,Q2,47.14,0,0.29,5.27,0.6367739478072663,43.73,0.64,20.70107645597572,43.73,0.0,0,9.636403702071396,8.882795043672557,3.433,4.923,-1.49,1.49,7.02,4.538,9.716960106975714,-2.6375496313102653,0.6973390209222019,24.54,23.99,23.99,Indian Basket,-9.91,-12.0,-11.49,-13.985278654048372,1.4261,3.4963,0.1559,3.2768,1.2702,28.9681088767012,6722.6354,,,,,,3.77,-0.2,,,,,,,,,,,,,0,No Crisis,,,,72.69,65.78,688.03,10664.39,74622.0,,,,,,,,,,
2001-08-31,2001-08,2001,8,Aug,2001-02,Q2,47.13,0,-0.03,3.17,0.4081100193315261,45.36,3.72,27.34418865805728,45.36,0.0,0,10.222355769230768,10.375114364135408,3.647,4.372,-0.726,0.726,7.422,4.437333333333334,9.491610318056608,-0.6267029972752081,0.8341720036596523,25.7,25.01,25.01,Indian Basket,4.25,-11.72,4.73,-12.674142031940194,1.2046,3.1677,0.1800999999999999,3.4668,1.0245,27.55260750228728,5677.279799999999,,,,,,3.65,-0.12,,,,,,,,,,,,,0,No Crisis,,,,72.69,65.78,688.03,10664.39,74622.0,,,,,,,,,,
2001-09-30,2001-09,2001,9,Sep,2001-02,Q2,47.64,0,1.09,3.82,0.4716380224731832,44.88,-1.06,26.63656884875849,45.36,-1.06,0,10.202318708797456,11.50179395181958,3.702,3.902,-0.2,0.2,7.221,4.399,-8.166627441750984,-3.794178794178793,0.948744233726294,25.54,24.79,24.79,Indian Basket,-0.88,-20.9,-0.6,-21.704475781728995,1.1706,2.7315,0.1976,3.5045,0.973,30.0,5576.738399999999,,,,,,3.07,-0.58,0.483,-0.965,-3.321,2.356,0.037,3.119,1.868,1.293,0.216,0.483,1.4299999999999995,0.9469999999999996,0,No Crisis,,,,72.69,65.78,688.03,10664.39,74622.0,,,,,,,,,,
2001-10-31,2001-10,2001,10,Oct,2001-02,Q3,48.02,0,0.79,3.61,0.4485194499346575,45.26,0.84,29.68481375358165,45.36,-0.22,0,10.979218888978732,11.05790373808942,3.718,4.093,-0.375,0.375,7.051,4.122333333333334,-4.01031894934335,-0.0268889486421008,0.9083801612509164,20.48,20.05,20.05,Indian Basket,-19.12,-34.26,-19.83,-33.78596831555124,1.0489000000000002,3.0437,0.2022,3.5157,0.8467000000000002,25.626679697043738,5036.817800000002,,,,,,2.49,-0.58,,,,,,,,,,,,,0,No Crisis,,,,72.69,65.78,688.03,10664.39,74622.0,,,,,,,,,,
2001-11-30,2001-11,2001,11,Nov,2001-02,Q3,47.99,0,-0.05,2.6,0.4087110188992802,46.89,3.61,20.10758196721312,46.89,0.0,0,11.574919772895582,11.277056277056277,3.576,4.158,-0.582,0.582,6.539,4.051,-11.494252873563216,-0.7769145394006638,0.8600288600288599,18.94,18.24,18.24,Indian Basket,-9.03,-41.03,-7.5,-41.75891758917589,0.9389,3.219,0.2032,3.3731,0.7357,22.58056758056758,4505.7811,,,,,,2.09,-0.4,,,,,,,,,,,,,0,No Crisis,,,,72.69,65.78,688.03,10664.39,74622.0,,,,,,,,,,
2001-12-31,2001-12,2001,12,Dec,2001-02,Q3,47.92,0,-0.16,2.5,0.4157678183648532,48.11,2.6,20.03493013972055,48.11,0.0,0,11.70559610705596,11.79455748958078,3.25,4.079,-0.828,0.828,7.048,4.11,2.590543259557343,-11.12934098988242,0.7967639127237068,18.6,18.24,18.24,Indian Basket,0.0,-21.55,-1.78,-25.98487863111818,1.0562,3.0224,0.1643,3.0859,0.8919,25.89360137288551,5061.3104,,,,,,1.82,-0.27,3.624,0.475,-3.02,3.495,1.364,3.271,3.328,1.133,0.129,3.624,3.229999999999997,-0.3940000000000032,0,No Crisis,,,,72.69,65.78,688.03,10664.39,74622.0,,,,,,,,,,
2002-01-31,2002-01,2002,1,Jan,2001-02,Q4,48.33,0,0.86,3.83,0.4013037465183793,49.48,2.84,20.33073929961089,49.48,0.0,0,11.894230769230768,11.661560216827716,4.253,4.243,0.01,-0.01,6.698,4.16,5.88969303718494,16.012002182214946,1.0023568230025923,19.48,18.92,18.92,Indian Basket,3.73,-21.23,4.73,-24.024960998439937,1.0182,3.2246,0.1775,4.0756,0.8407,23.99717181239689,4920.9606,,,,,,1.73,-0.09,,,,,,,,,,,,,0,No Crisis,,,,72.69,65.78,688.03,10664.39,74622.0,,,,,,,,,,
2002-02-28,2002-02,2002,2,Feb,2001-02,Q4,48.69,0,0.75,4.67,0.4007682017265617,50.78,2.62,22.03797164143236,50.78,0.0,0,12.6098832878073,13.508911944666137,3.535,3.759,-0.224,0.224,7.159999999999999,4.027,8.735898177610647,-4.330175913396472,0.9404096834264432,20.29,19.53,19.53,Indian Basket,3.22,-24.65,4.14,-25.97592119664356,0.9546,2.8039,0.1621999999999999,3.3727,0.7924,25.395051875498805,4647.9474,,,,,,1.74,0.01,,,,,,,,,,,,,0,No Crisis,,,,72.69,65.78,688.03,10664.39,74622.0,,,,,,,,,,
2002-03-31,2002-03,2002,3,Mar,2001-02,Q4,48.74,0,0.1,4.54,0.4066231968818489,54.11,6.56,27.98013245033113,54.11,0.0,0,13.054282267792525,12.206180915858337,4.141,4.433,-0.292,0.292,7.136,4.145,-4.151351351351352,-3.898816430726393,0.934130385743289,23.69,23.31,23.31,Indian Basket,19.35,-2.14,16.75,-2.9098360655737565,1.3011,3.1318,0.1961,3.9448,1.105,29.35032709226257,6341.5614,,,,,,1.73,-0.01,6.188,2.763,-1.266,4.029,0.905,4.239,3.227,1.5,0.672,6.188,6.0,-0.1879999999999997,0,No Crisis,8762.0,,,72.69,65.78,688.03,10664.39,74622.0,,,,,,,,,,
2002-04-30,2002-04,2002,4,Apr,2002-03,Q1,48.92,0,0.37,4.56,0.4065673003291832,55.87,3.26,31.36609452151422,55.87,0.0,0,13.518025647229615,13.280247207035892,4.035,4.207,-0.172,0.172,6.329,4.133,2.760136785539813,29.53451043338684,0.9591157594485382,25.65,25.03,25.03,Indian Basket,7.38,0.85,8.29,0.0390015600624016,1.2449,2.9623000000000004,0.2039,3.8315,1.041,29.591157594485384,6090.050800000001,,,,,,1.75,0.02,,,,,,,,,,,,,0,No Crisis,,,,72.69,65.78,688.03,10664.39,74622.0,,,,,,,,,,
2002-05-31,2002-05,2002,5,May,2002-03,Q1,49.0,0,0.16,4.43,0.4107006208906806,56.78,1.63,32.07722726215398,56.78,0.0,0,12.324723247232471,10.959274271376184,4.08,5.181,-1.101,1.101,6.385,4.607,10.847240051347873,12.42766602369798,0.787492762015055,25.39,24.99,24.99,Indian Basket,-0.16,-7.27,-1.04,-10.755711775043933,1.5477,3.6333,0.1755,3.9048,1.3722,29.872611464968152,7583.73,,,,,,1.75,0.0,,,,,,,,,,,,,0,No Crisis,,,,72.69,65.78,688.03,10664.39,74622.0,,,,,,,,,,
2002-06-30,2002-06,2002,6,Jun,2002-03,Q1,48.97,0,-0.06,4.18,0.4259561437092168,58.69,3.37,35.07479861910241,58.69,0.0,0,12.909304201187773,13.806163255704538,3.963,4.251,-0.287,0.287,6.267,4.546333333333333,5.825242718446599,9.717607973421917,0.9322512350035286,24.13,24.05,24.05,Indian Basket,-3.76,-9.69,-4.96,-12.950937950937949,1.2925,2.9582,0.1885,3.7749,1.104,30.40461067984004,6329.3725,,,,,,1.75,0.0,1.662,1.129,-2.067,3.196,0.601,3.604,0.659,1.24,-0.263,1.662,4.579999999999998,2.9179999999999984,0,No Crisis,,,,72.69,65.78,688.03,10664.39,74622.0,,,,,,,,,,
2002-07-31,2002-07,2002,7,Jul,2002-03,Q2,48.76,0,-0.41,3.45,0.4784911575763742,60.61,3.26,38.600503087125546,60.61,0.0,0,12.710051726548302,12.435371358227329,4.583,4.874,-0.29,0.29,5.067,4.768666666666666,-0.9953280520008212,33.49839790270901,0.9402954452195325,25.77,25.18,25.18,Indian Basket,4.7,4.96,6.8,5.012224938875298,1.3914000000000002,3.4822,0.2315,4.3518,1.1599000000000002,28.547394337299963,6784.466400000001,,,,,,1.73,-0.02,,,,,,,,,,,,,0,No Crisis,,,,72.69,65.78,688.03,10664.39,74622.0,,,,,,,,,,
2002-08-31,2002-08,2002,8,Aug,2002-03,Q2,48.59,0,-0.37,3.1,0.5079452070187532,62.14,2.53,36.99294532627866,62.14,0.0,0,13.32904332904333,12.783377905780704,4.522,4.861,-0.339,0.339,4.680000000000001,4.662,11.184812442817924,23.99232245681384,0.9302612631145856,26.63,25.86,25.86,Indian Basket,2.7,3.4,3.36,3.6186770428015658,1.6242,3.2372,0.1820999999999999,4.339899999999999,1.4421000000000002,33.4128780086402,7891.987800000001,,,,,,1.74,0.01,,,,,,,,,,,,,0,No Crisis,,,,72.69,65.78,688.03,10664.39,74622.0,,,,,,,,,,
2002-09-30,2002-09,2002,9,Sep,2002-03,Q2,48.44,0,-0.3,1.67,0.4562893818619833,63.62,2.38,41.755793226381456,63.62,0.0,0,12.87767357128399,12.50884781753834,4.484,5.086,-0.601,0.601,5.081,4.940333333333332,30.34341363403384,21.1237169097785,0.8816358631537553,28.34,27.5,27.5,Indian Basket,6.34,10.93,6.42,10.963194988253733,1.5648,3.5209,0.2125,4.2719,1.3523,30.766810853322845,7579.8912,,,,,,1.75,0.01,4.927,1.815,-2.456,4.271,0.862,4.009,3.162,0.532,-0.131,4.927,4.93,0.0030000000000001,0,No Crisis,,,,72.69,65.78,688.03,10664.39,74622.0,,,,,,,,,,
2002-10-31,2002-10,2002,10,Oct,2002-03,Q3,48.37,0,-0.14,0.73,0.4127540539969294,65.16,2.42,43.968183826778606,65.16,0.0,0,12.579150579150578,11.650277132129448,4.752,5.593,-0.841,0.841,5.547,5.18,36.64793549963352,27.81065088757395,0.8496334704094404,27.55,26.9,26.9,Indian Basket,-2.18,34.16,-2.8,34.521484375,1.541,4.0521,0.2031,4.5492,1.3379,27.552297514750578,7453.816999999999,,,,,,1.75,0.0,,,,,,,,,,,,,0,No Crisis,,,,72.69,65.78,688.03,10664.39,74622.0,,,,,,,,,,
2002-11-30,2002-11,2002,11,Nov,2002-03,Q3,48.25,0,-0.24,0.54,0.4210232844636945,67.58,3.71,44.12454681168691,67.58,0.0,0,12.87156371024062,13.324132492113565,4.049,5.072,-1.023,1.023,5.988,5.250333333333333,21.981721981721968,13.227069351230435,0.7983044164037856,24.18,23.68,23.68,Indian Basket,-11.97,29.82,-12.21,27.666314677930306,1.1773,3.8943,0.1069,3.9419,1.0704,23.21175078864353,5680.4725,,,,,,1.34,-0.41,,,,,,,,,,,,,0,No Crisis,,,,72.69,65.78,688.03,10664.39,74622.0,,,,,,,,,,
2002-12-31,2002-12,2002,12,Dec,2002-03,Q3,48.14,0,-0.24,0.47,0.4252058325093754,71.11,5.23,47.80710870920806,71.11,0.0,0,13.64264245059794,14.302091713596138,3.985,4.972,-0.987,0.987,6.146999999999999,5.2123333333333335,21.892620740377566,22.615384615384613,0.8014883346741752,28.52,27.11,27.11,Indian Basket,14.48,48.63,17.93,53.33333333333332,1.3847,3.5872,0.1596999999999999,3.8252,1.225,27.849959774738537,6665.9458,,,,,,1.24,-0.1,6.082,1.354,-3.781,5.135,2.079,4.242,4.94,0.676,0.745,6.082,7.490000000000002,1.408000000000002,0,No Crisis,,,,72.69,65.78,688.03,10664.39,74622.0,,,,,,,,,,
2003-01-31,2003-01,2003,1,Jan,2002-03,Q4,47.93,0,-0.43,-0.82,0.3565777997474302,74.26,4.42,50.08084074373487,74.26,0.0,0,14.267050912584056,13.329743313588226,4.85,5.571,-0.721,0.721,6.877999999999999,5.204999999999999,31.298609474428464,14.037150246884543,0.870579788188835,31.25,29.59,29.59,Indian Basket,9.15,56.4,9.56,60.42094455852156,1.5900999999999998,3.9808,0.2353,4.6145,1.3547999999999998,28.542451983485904,7621.349299999999,,,,,,1.24,0.0,,,,,,,,,,,,,0,No Crisis,,,,72.69,65.78,688.03,10664.39,74622.0,,,,,,,,,,
2003-02-28,2003-02,2003,2,Feb,2002-03,Q4,47.73,0,-0.41,-1.96,0.258578573721548,73.55,-0.95,44.840488381252456,74.26,-0.96,0,14.541320680110717,15.882098898725976,4.286,4.631,-0.345,0.345,6.9990000000000006,5.058,23.197658951848908,21.244695898161226,0.9255020513927876,32.65,31.31,31.31,Indian Basket,5.81,60.32,4.49,60.916707737801865,1.5764,3.0545,0.3071,3.9789,1.2693,34.04016411142302,7524.157199999999,,,,,,1.26,0.02,,,,,,,,,,,,,0,No Crisis,,,,72.69,65.78,688.03,10664.39,74622.0,,,,,,,,,,
2003-03-31,2003-03,2003,3,Mar,2002-03,Q4,47.64,0,-0.2,-2.25,0.2448546260105762,76.1,3.47,40.63943818148215,76.1,0.0,0,14.186292176722796,12.918010524528942,5.151,5.891,-0.739,0.739,7.446,5.364333333333334,32.88969095420708,24.390243902439025,0.8743846545578,30.34,28.83,28.83,Indian Basket,-7.92,23.68,-7.07,28.070915998311506,1.7130999999999998,4.1774,0.3429,4.8085,1.3702,29.07995246986929,8161.208399999999,,,,,,1.25,-0.01,4.314,2.047,-2.386,4.433,0.101,4.983,2.079,0.769,0.593,4.314,4.989999999999995,0.6759999999999948,0,No Crisis,2690.0,,,72.69,65.78,688.03,10664.39,74622.0,,,,,,,,,,
2003-04-30,2003-04,2003,4,Apr,2003-04,Q1,47.38,0,-0.55,-3.15,0.1922336803964884,78.32,2.92,40.18256667263289,78.32,0.0,0,14.42711531376642,13.587786259541984,4.314,5.764,-1.45,1.45,8.724,5.428666666666667,37.009745661991936,6.914498141263947,0.7484385843164469,25.02,24.21,24.21,Indian Basket,-16.02,-3.28,-17.55,-2.456140350877189,1.4543,4.3099,0.2577,4.0564,1.1966,25.230742539902845,6890.473400000001,,,,,,1.26,0.01,,,,,,,,,,,,,0,No Crisis,,,,72.69,65.78,688.03,10664.39,74622.0,,,,,,,,,,
2003-05-31,2003-05,2003,5,May,2003-04,Q1,47.08,0,-0.62,-3.91,0.1651147443079213,82.31,5.09,44.96301514617824,82.31,0.0,0,13.849130678631518,13.329554655870446,4.696,6.175,-1.479,1.479,9.102,5.943333333333334,19.18548542752363,15.098039215686264,0.7604858299595142,25.81,24.99,24.99,Indian Basket,3.22,0.0,3.17,1.6541945647892795,1.6752,4.4997,0.2462,4.4501,1.429,27.12874493927125,7886.8416,,,,,,1.26,0.0,,,,,,,,,,,,,0,No Crisis,,,,72.69,65.78,688.03,10664.39,74622.0,,,,,,,,,,
2003-06-30,2003-06,2003,6,Jun,2003-04,Q1,46.71,0,-0.79,-4.61,0.1890085776472431,83.22,1.11,41.795876639972754,83.22,0.0,0,14.132231404958675,14.531168150864326,4.398,5.727,-1.329,1.329,10.143999999999998,5.8886666666666665,34.7212420606916,10.97653292959877,0.7679413305395494,27.55,26.43,26.43,Indian Basket,5.76,9.9,6.73,14.173228346456687,1.4472,4.2796,0.2658999999999999,4.1322,1.1813,25.269774751178627,6759.8712000000005,,,,,,1.22,-0.04,5.464,-0.422,-5.315,4.893,1.661,4.396,5.683,0.386,1.376,5.464,7.1200000000000045,1.656000000000004,0,No Crisis,,,,72.69,65.78,688.03,10664.39,74622.0,,,,,,,,,,
2003-07-31,2003-07,2003,7,Jul,2003-04,Q2,46.23,0,-1.03,-5.2,0.2642427717539952,85.55,2.8,41.14832535885167,85.55,0.0,0,14.511478005201852,14.790802213001385,4.637,5.784,-1.147,1.147,11.001,5.895333333333333,18.67049651210506,1.1782675103643836,0.8016943291839557,28.4,27.46,27.46,Indian Basket,3.9,9.05,3.1,10.20566550252231,1.5382,4.2458,0.218,4.4186000000000005,1.3202,26.59405255878285,7111.098599999999,,,,,,1.01,-0.21,,,,,,,,,,,,,0,No Crisis,,,,72.69,65.78,688.03,10664.39,74622.0,,,,,,,,,,
2003-08-31,2003-08,2003,8,Aug,2003-04,Q2,45.93,0,-0.64,-5.46,0.2688851844639901,87.31,2.05,40.50531058899261,87.31,0.0,0,15.143963922294173,15.09248055315471,4.516,5.785,-1.269,1.269,11.931,5.765333333333333,19.00843447850238,-0.1326846528085012,0.7806395851339671,29.83,28.66,28.66,Indian Basket,4.37,10.83,5.03,12.016522718738257,1.4639000000000002,4.321,0.3153999999999999,4.2008,1.1485000000000003,25.30509939498704,6723.6927000000005,,,,,,1.03,0.02,,,,,,,,,,,,,0,No Crisis,,,,72.69,65.78,688.03,10664.39,74622.0,,,,,,,,,,
2003-09-30,2003-09,2003,9,Sep,2003-04,Q2,45.85,0,-0.19,-5.35,0.2768108423169764,92.34,5.76,45.14303678088651,92.34,0.0,0,15.498489425981877,14.645519429024583,5.481,6.305,-0.824,0.824,12.154,5.957999999999999,23.967754620526915,22.23461195361285,0.8693100713719271,27.1,26.27,26.27,Indian Basket,-8.34,-4.47,-9.14,-4.375441072688768,1.6361,4.6691,0.3619,5.1192,1.2742,25.949246629659,7501.5185,,,,,,1.01,-0.02,8.592,3.186,-3.549,6.735,1.312,6.14,5.044,0.702,2.136,8.592,9.120000000000005,0.528000000000004,0,No Crisis,,,,72.69,65.78,688.03,10664.39,74622.0,,,,,,,,,,
2003-10-31,2003-10,2003,10,Oct,2003-04,Q3,45.39,0,-1.0,-6.17,0.2978966670548965,93.8,1.59,43.95334561080417,93.8,0.0,0,14.72604531895965,13.363727026641971,5.609,7.019,-1.41,1.41,12.723,6.369666666666667,25.49615590917218,18.034511784511785,0.7991166832882177,29.59,28.45,28.45,Indian Basket,8.3,5.76,9.2,7.40471869328494,1.7932,5.2253,0.272,5.3365,1.5212,25.54779883174241,8139.3348,,,,,,1.01,0.0,,,,,,,,,,,,,0,No Crisis,,,,72.69,65.78,688.03,10664.39,74622.0,,,,,,,,,,
2003-11-30,2003-11,2003,11,Nov,2003-04,Q3,45.52,0,0.3,-5.66,0.3759674389511767,97.4,3.83,44.12548091151229,97.4,0.0,0,14.764286797028952,15.061079325807947,4.902,6.467,-1.565,1.565,13.265,6.597,27.503943217665604,21.066930106199045,0.7580021648368641,28.77,28.23,28.23,Indian Basket,-0.77,19.21,-2.77,18.98263027295286,1.7936,4.6737,0.3262,4.5758,1.4673999999999998,27.734652852945725,8164.4672,,,,,,1.0,-0.01,,,,,,,,,,,,,0,No Crisis,,,,72.69,65.78,688.03,10664.39,74622.0,,,,,,,,,,
2003-12-31,2003-12,2003,12,Dec,2003-04,Q3,45.59,0,0.14,-5.3,0.4125493542559014,103.15,5.9,45.0569540149065,103.15,0.0,0,14.780760412686284,13.845637583892618,6.12,7.45,-1.329,1.329,13.607,6.978666666666666,49.8390989541432,53.57590966122962,0.8214765100671141,29.93,28.97,28.97,Indian Basket,2.62,6.86,4.01,4.943899018232822,1.9178,5.5316,0.2758,5.844600000000001,1.642,25.74228187919463,8743.2502,,,,,,0.98,-0.02,7.294,3.962,-3.392,7.354,3.404,6.313,3.615,0.587,4.111,7.294,10.810000000000002,3.5160000000000027,0,No Crisis,,,,72.69,65.78,688.03,10664.39,74622.0,,,,,,,,,,
2004-01-31,2004-01,2004,1,Jan,2003-04,Q4,45.46,0,-0.29,-5.17,0.4151888945790936,106.38,3.13,43.25343388095877,106.38,0.0,0,15.332212346865242,15.421861409104087,5.216,6.898,-1.682,1.682,14.568,6.938333333333333,23.81978100879556,7.546391752577342,0.7561612061467092,31.18,30.0,30.0,Indian Basket,3.56,1.39,4.17,-0.2240000000000019,2.0215,4.8762,0.3378,4.8784,1.6837,29.30559582487678,9189.739,,,,,,1.0,0.02,,,,,,,,,,,,,0,No Crisis,,,,72.69,65.78,688.03,10664.39,74622.0,,,,,,,,,,
2004-02-29,2004-02,2004,2,Feb,2003-04,Q4,45.27,0,-0.41,-5.16,0.4151888945790936,109.57,3.0,48.97348742352141,109.57,0.0,0,15.511041902604756,16.009643483343073,6.227,6.844,-0.617,0.617,14.84,7.064,47.78665515007559,45.28698086794216,0.9098480420806546,30.87,29.65,29.65,Indian Basket,-1.17,-5.3,-0.99,-5.451761102603358,1.7097,5.134,0.379,5.8475,1.3307,24.981005260081822,7739.811900000001,,,,,,1.01,0.01,,,,,,,,,,,,,0,No Crisis,,,,72.69,65.78,688.03,10664.39,74622.0,,,,,,,,,,
2004-03-31,2004-03,2004,3,Mar,2003-04,Q4,45.02,0,-0.56,-5.5,0.4092343182978657,112.96,3.09,48.436268068331145,112.96,0.0,0,15.562086700955176,14.060243963156582,7.863,8.034,-0.171,0.171,14.271999999999998,7.2586666666666675,36.377525038193866,52.6499708794409,0.9787154592979836,33.8,32.21,32.21,Indian Basket,8.63,11.72,9.5,11.4040870138431,2.1483000000000003,5.8856,0.3168,7.5458,1.8315000000000003,26.74010455563854,9671.646600000002,,,,,,1.0,-0.01,10.071,7.357,-1.462,8.819,3.767,5.313,2.394,0.713,3.733,10.071,9.809999999999988,-0.2610000000000116,0,No Crisis,45764.0,,,72.69,65.78,688.03,10664.39,74622.0,,,,,,,,,,
2004-04-30,2004-04,2004,4,Apr,2004-05,Q1,43.93,0,-2.41,-7.27,0.6948577356029538,118.49,4.9,51.28958120531155,118.49,0.0,0,16.257489137891607,16.958637469586375,5.643,6.987,-1.344,1.344,14.166,7.288333333333334,21.217904233171403,30.806675938803885,0.8076427651352511,33.36,32.37,32.37,Indian Basket,0.5,33.71,-1.29,33.33333333333333,2.3341,4.653,0.5621,5.0809,1.7719999999999998,33.406326034063255,10253.7013,,,,,,1.0,0.0,,,,,,,,,,,,,0,No Crisis,,,,72.69,65.78,688.03,10664.39,74622.0,,,,,,,,,,
2004-05-31,2004-05,2004,5,May,2004-05,Q1,45.25,0,3.0,-3.89,1.256245006020524,119.38,0.75,45.0370550358401,119.38,0.0,0,15.507924136139255,14.787563483215656,5.963,8.073,-2.11,2.11,14.797,7.698,30.73684210526317,26.980408858603067,0.7386349560262604,37.92,36.08,36.08,Indian Basket,11.46,44.38,13.65,46.91979852770245,2.15,5.9227,0.3762,5.5868,1.7738,26.63198315372228,9728.75,,,,,,1.0,0.0,,,,,,,,,,,,,0,No Crisis,,,,72.69,65.78,688.03,10664.39,74622.0,,,,,,,,,,
2004-06-30,2004-06,2004,6,Jun,2004-05,Q1,45.51,0,0.57,-2.58,1.2715702533052982,119.51,0.11,43.60730593607307,119.51,0.0,0,15.078857719645034,13.70999196971435,6.068,8.717,-2.649,2.649,16.117,7.925666666666667,52.20883534136546,37.97180536607549,0.6961110473786852,35.19,34.16,34.16,Indian Basket,-5.32,29.25,-7.19,27.73139745916515,2.7238,5.993399999999999,0.3908,5.6773,2.333,31.246988642881725,12396.0138,,,,,,1.03,0.03,7.57,3.608,-5.115,8.723,3.646,6.133,3.665,0.963,0.156,7.57,6.550000000000011,-1.019999999999989,0,No Crisis,,,,72.69,65.78,688.03,10664.39,74622.0,,,,,,,,,,
2004-07-31,2004-07,2004,7,Jul,2004-05,Q2,46.04,0,1.18,-0.41,1.3016944085818778,118.38,-0.94,38.37521917007598,119.51,-0.95,0,14.400291947125131,15.03810975609756,5.819,7.872,-2.053,2.053,17.023,8.220666666666666,36.09958506224067,25.490618934656027,0.7392022357723578,38.37,36.35,36.35,Indian Basket,6.41,32.37,9.03,35.105633802816904,2.2706,5.6015,0.4629,5.3561000000000005,1.8077,28.84400406504065,10453.8424,,,,,,1.26,0.23,,,,,,,,,,,,,0,No Crisis,,,,72.69,65.78,688.03,10664.39,74622.0,,,,,,,,,,
2004-08-31,2004-08,2004,8,Aug,2004-05,Q2,46.34,0,0.65,0.89,1.2996281519470576,118.15,-0.2,35.32241438552286,119.51,-1.14,0,14.33801221633429,14.529021151008363,5.983,8.132,-2.149,2.149,17.903,8.240333333333334,40.57044079515988,32.4844995571302,0.735735366453517,43.03,40.52,40.52,Indian Basket,11.47,41.38,12.14,44.25075427422061,2.5237,5.6081,0.4841999999999999,5.4988,2.0395,31.034185932120018,11694.8258,,,,,,1.43,0.17,,,,,,,,,,,,,0,No Crisis,,,,72.69,65.78,688.03,10664.39,74622.0,,,,,,,,,,
2004-09-30,2004-09,2004,9,Sep,2004-05,Q2,46.1,0,-0.53,0.54,1.3097559337756777,119.58,1.21,29.49967511371019,119.58,0.0,0,14.11028949024544,12.694267515923569,6.919,9.42,-2.501,2.501,19.58,8.474666666666666,49.40523394131642,26.23608830505382,0.7345010615711253,43.38,39.15,39.15,Indian Basket,-3.38,49.03,0.82,60.073800738007385,2.5753000000000004,6.8447,0.6424,6.2769,1.9329000000000005,27.338641188959667,11872.133000000002,,,,,,1.61,0.18,-0.634,-4.43,-9.692,5.262,2.2,4.274,3.548,1.334,0.464,-0.634,0.0699999999999931,0.7039999999999932,0,No Crisis,,,,72.69,65.78,688.03,10664.39,74622.0,,,,,,,,,,
2004-10-31,2004-10,2004,10,Oct,2004-05,Q3,45.78,0,-0.68,0.87,1.2894607752502911,121.34,1.47,29.360341151385928,121.34,0.0,0,13.715383745902564,13.49872065858271,6.519,8.989,-2.47,2.47,20.64,8.847000000000001,28.066676164695824,16.22392583348191,0.7252197129825342,49.82,43.38,43.38,Indian Basket,10.8,52.48,14.84,68.36769178776613,2.6641,6.325,0.7366,5.7825,1.9275,29.63733451996885,12196.2498,,,,,,1.76,0.15,,,,,,,,,,,,,0,No Crisis,,,,72.69,65.78,688.03,10664.39,74622.0,,,,,,,,,,
2004-11-30,2004-11,2004,11,Nov,2004-05,Q3,45.13,0,-1.44,-0.87,1.3584583508187071,128.23,5.68,31.652977412730987,128.23,0.0,0,13.854215435589005,13.70271425518273,7.086,9.358,-2.272,2.272,21.347,9.255666666666668,44.7038812432349,44.553243574051415,0.7572130797178884,43.05,38.9,38.9,Indian Basket,-10.33,37.8,-13.58,49.63503649635035,2.1099,7.248,0.7242999999999999,6.3613,1.3856000000000002,22.54648429151528,9521.9787,,,,,,1.93,0.17,,,,,,,,,,,,,0,No Crisis,,,,72.69,65.78,688.03,10664.39,74622.0,,,,,,,,,,
2004-12-31,2004-12,2004,12,Dec,2004-05,Q3,43.98,0,-2.54,-3.53,1.531029560508714,131.18,2.3,27.174018419777024,131.18,0.0,0,13.66268573809193,12.544706894902935,7.357,10.457,-3.101,3.101,23.119,9.601333333333336,40.36241610738256,20.21241830065359,0.7035478626757196,39.64,36.82,36.82,Indian Basket,-5.35,27.1,-7.92,32.4423655195456,2.0496,8.407399999999999,0.5625,6.794,1.4871,19.60026776322081,9014.1408,,,,,,2.16,0.23,6.594,-5.754,-11.767,6.013,3.463,4.073,12.622,0.582,4.684,6.594,11.600000000000009,5.006000000000008,0,No Crisis,,,,72.69,65.78,688.03,10664.39,74622.0,,,,,,,,,,
2005-01-31,2005-01,2005,1,Jan,2004-05,Q4,43.75,0,-0.51,-3.74,1.5323679437887971,129.46,-1.31,21.69580748260953,131.18,-1.31,0,12.599922138593303,11.759469524934143,8.194,11.009,-2.815,2.815,24.252,10.274666666666668,59.596984633227024,57.09355828220859,0.744300118085203,44.28,40.96,40.96,Indian Basket,11.24,36.53,11.7,42.01411161000641,2.623,8.3858,0.7187,7.4757,1.9043,23.82596057770915,11475.625,,,,,,2.28,0.12,,,,,,,,,,,,,0,No Crisis,,,,72.69,65.78,688.03,10664.39,74622.0,,,,,,,,,,
2005-02-28,2005-02,2005,2,Feb,2004-05,Q4,43.68,0,-0.17,-3.51,1.5324628622718448,135.9,4.97,24.03030026467099,135.9,0.0,0,12.811488546020174,13.121560297383414,8.046,10.357,-2.31,2.31,25.945,10.607666666666669,51.329631794272345,29.21149831379475,0.776865887805349,45.56,42.67,42.67,Indian Basket,4.17,43.91,2.88,47.58665370910269,2.5307,7.8261,0.6607000000000001,7.385800000000001,1.87,24.4346818576808,11054.0976,,,,,,2.5,0.22,,,,,,,,,,,,,0,No Crisis,,,,72.69,65.78,688.03,10664.39,74622.0,,,,,,,,,,
2005-03-31,2005-03,2005,3,Mar,2004-05,Q4,43.69,0,0.02,-2.95,1.5322047889076402,141.51,4.13,25.27443342776204,141.51,0.0,0,12.584259670964874,11.440698520494784,10.155,12.369,-2.215,2.215,27.989,11.245,53.95817774458549,29.14917970240365,0.8210041232112539,53.08,49.27,49.27,Indian Basket,15.47,52.96,16.52,57.04142011834321,3.3035,9.0659,0.6577999999999999,9.4969,2.6457,26.70789877920608,14432.9915,,,,,,2.63,0.13,12.629,4.106,-7.128,11.234,6.117,6.305,8.187,0.834,3.983,12.629,10.329999999999984,-2.2990000000000155,0,No Crisis,45880.0,,,72.69,65.78,688.03,10664.39,74622.0,,,,,,,,,,
2005-04-30,2005-04,2005,4,Apr,2005-06,Q1,43.74,0,0.12,-0.43,1.3718940126038064,141.84,0.23,19.706304329479284,141.84,0.0,0,12.492513651576536,12.512350035285817,7.68,11.336,-3.656,3.656,30.301,11.354,62.24416774008874,36.09782030834663,0.6774876499647141,51.86,49.43,49.43,Indian Basket,0.32,52.7,-2.31,55.45563549160673,3.0888,8.247399999999999,0.6835,6.9968,2.4053,27.247706422018343,13510.411200000002,,,,,,2.79,0.16,,,,,,,,,,,,,0,No Crisis,,,,72.69,65.78,688.03,10664.39,74622.0,,,,,,,,,,
2005-05-31,2005-05,2005,5,May,2005-06,Q1,43.49,0,-0.58,-3.89,0.9896965405740455,138.86,-2.1,16.317641145920604,141.84,-2.1,0,11.278122208084037,10.494256348246676,7.977,13.232,-5.255,5.255,33.446,12.312333333333331,63.90437260002475,33.77494549723294,0.6028567110036276,48.67,47.0,47.0,Indian Basket,-4.92,30.27,-6.15,28.34915611814346,3.2601,9.972,0.6201,7.3565,2.64,24.63799879081016,14178.174900000002,,,,,,3.0,0.21,,,,,,,,,,,,,0,No Crisis,,,,72.69,65.78,688.03,10664.39,74622.0,,,,,,,,,,
2005-06-30,2005-06,2005,6,Jun,2005-06,Q1,43.58,0,0.22,-4.23,0.9657639463140004,138.37,-0.35,15.78110618358297,141.84,-2.45,0,11.4132138242006,11.72329068880793,7.893,11.803,-3.909,3.909,34.706,12.123666666666669,35.40208787426866,30.07580751483192,0.6687282894179445,54.31,52.72,52.72,Indian Basket,12.17,54.33,11.59,54.33361750497304,3.0963000000000003,8.706299999999999,0.8398,7.0535,2.2565000000000004,26.233161060747268,13493.6754,,,,,,3.04,0.04,1.247,-4.794,-13.964,9.17,4.132,5.906,5.773,1.35,0.972,1.247,-3.1399999999999864,-4.386999999999986,0,No Crisis,,,,72.69,65.78,688.03,10664.39,74622.0,,,,,,,,,,
2005-07-31,2005-07,2005,7,Jul,2005-06,Q2,43.54,0,-0.11,-5.44,0.8434143271682777,140.54,1.57,18.71937827335699,141.84,-0.92,0,11.537324868651488,12.211312885567816,7.492,11.509,-4.017,4.017,36.67,12.181333333333336,46.20172764227644,28.75064444062554,0.6509688070205926,57.58,55.01,55.01,Indian Basket,4.34,51.33,6.03,50.065155069064375,3.4948,8.0145,0.755,6.7375,2.7398,30.36580067773047,15216.3592,,,,,,3.26,0.22,,,,,,,,,,,,,0,No Crisis,,,,72.69,65.78,688.03,10664.39,74622.0,,,,,,,,,,
2005-08-31,2005-08,2005,8,Aug,2005-06,Q2,43.62,0,0.2,-5.86,0.7982480817389989,144.08,2.52,21.946677951756243,144.08,0.0,0,11.98270126413839,11.291536050156742,8.571,12.76,-4.189,4.189,38.71,12.024,56.91096901131334,43.255891693130536,0.6717084639498433,64.09,60.05,60.05,Indian Basket,9.16,48.2,11.31,48.94259818731119,3.9599,8.8002,0.9455,7.6259,3.0144,31.033699059561133,17273.0838,,,,,,3.5,0.24,,,,,,,,,,,,,0,No Crisis,,,,72.69,65.78,688.03,10664.39,74622.0,,,,,,,,,,
2005-09-30,2005-09,2005,9,Sep,2005-06,Q2,43.92,0,0.67,-4.73,0.8664032233634272,143.06,-0.71,19.635390533534046,144.08,-0.71,0,11.54796179200861,11.093362282878411,8.457,12.896,-4.439,4.439,40.648,12.388333333333334,36.900212314225065,22.228645758057542,0.6557847394540943,62.98,59.74,59.74,Indian Basket,-0.52,52.59,-1.73,45.18211157215306,4.0483,8.8475,1.0465,7.4103,3.0018,31.39190446650124,17780.1336,,,,,,3.62,0.12,5.256,-4.684,-13.424,8.74,5.325,4.993,10.543,1.076,4.441,5.256,4.689999999999998,-0.5660000000000025,0,No Crisis,,,,72.69,65.78,688.03,10664.39,74622.0,,,,,,,,,,
2005-10-31,2005-10,2005,10,Oct,2005-06,Q3,44.82,0,2.06,-2.11,1.1121137395504836,143.57,0.36,18.320421954837627,144.08,-0.35,0,11.473667385918644,12.081965833543718,8.622,11.883,-3.26,3.26,41.438,12.513,32.19490488374679,32.25954901058443,0.7255743499116385,58.52,56.28,56.28,Indian Basket,-5.79,29.74,-7.08,17.462866318747494,3.4413,8.4414,1.2175,7.4048,2.2238,28.95985862156021,15423.9066,21584.07,,,,,3.78,0.16,,,,,,,,,,,,,0,No Crisis,,,,72.69,65.78,688.03,10664.39,74622.0,,,,,,,,,,
2005-11-30,2005-11,2005,11,Nov,2005-06,Q3,45.73,0,2.03,1.33,1.2000009469693194,142.82,-0.52,11.377992669422143,144.08,-0.87,0,11.86705442459493,12.60992406851492,7.293,11.326,-4.033,4.033,43.199,12.035000000000002,21.030134644154728,2.9212531752751847,0.6439166519512626,55.54,53.14,53.14,Indian Basket,-5.58,36.61,-5.1,29.01277584204413,3.3639,7.9619,1.0255,6.2673000000000005,2.3384,29.70068868091117,15383.114699999998,22314.85,3.39,,,,4.0,0.22,,,,,,,,,,,,,0,No Crisis,,,,72.69,65.78,688.03,10664.39,74622.0,,,,,,,,,,
2005-12-31,2005-12,2005,12,Dec,2005-06,Q3,45.64,0,-0.19,3.78,0.8744903277528712,137.21,-3.93,4.596737307516396,144.08,-4.77,0,11.562965251832916,11.074253430185632,9.235,12.39,-3.154,3.154,43.252,11.866333333333335,18.48522520799465,25.52670925649041,0.7453591606133978,56.75,55.05,55.05,Indian Basket,3.59,49.51,2.18,43.16347124117053,3.7175,8.6721,1.0469000000000002,8.1884,2.6705999999999994,30.00403551251009,16966.67,23677.8,6.11,,,,4.16,0.16,-4.672,-4.913,-12.739,7.826,4.404,6.438,0.78,1.368,2.748,-4.672,-5.849999999999994,-1.1779999999999946,0,No Crisis,,,,72.69,65.78,688.03,10664.39,74622.0,,,,,,,,,,
2006-01-31,2006-01,2006,1,Jan,2005-06,Q4,44.4,0,-2.73,1.47,1.2279090381867042,140.37,2.31,8.427313455893714,144.08,-2.57,0,11.502594919420924,10.88645881805491,9.168,12.894,-3.726,3.726,44.163,12.203333333333331,17.122354437278588,11.886746399804714,0.7110283852954862,63.57,60.54,60.54,Indian Basket,9.97,47.8,12.03,43.56368563685638,4.1674,8.726600000000001,1.2488,7.9192,2.9186,32.32045912827672,18503.256,24735.97,4.47,,,,4.29,0.13,,,,,,,,,,,,,0,No Crisis,,,,72.69,65.78,688.03,10664.39,74622.0,,,,,,,,,,
2006-02-28,2006-02,2006,2,Feb,2005-06,Q4,44.33,0,-0.15,1.49,1.2274807904440224,142.4,1.44,4.782928623988236,144.08,-1.17,0,11.602705125071294,12.34503684438665,9.055,11.535,-2.48,2.48,44.333,12.273,11.37394998551704,12.54039274173502,0.7850021673168617,59.92,58.95,58.95,Indian Basket,-2.63,38.15,-5.74,31.518876207199288,4.11,7.4255,1.1716,7.8837,2.938400000000001,35.63068920676203,18219.63,25019.36,1.15,,,,4.49,0.2,,,,,,,,,,,,,0,No Crisis,,,,72.69,65.78,688.03,10664.39,74622.0,,,,,,,,,,
2006-03-31,2006-03,2006,3,Mar,2005-06,Q4,44.48,0,0.34,1.81,1.2283494715439962,151.62,6.48,7.144371422514317,151.62,0.0,0,11.740443434943089,10.59242699455079,11.561,14.314,-2.753,2.753,44.871,12.914333333333332,15.7247958606193,13.84539635647466,0.8076708117926505,62.25,60.01,60.01,Indian Basket,1.8,21.8,3.89,17.275810097965348,4.2029,10.1115,1.0154,10.546,3.1875,29.3621629174235,18694.499199999995,25214.75,0.78,,,,4.59,0.1,13.221,4.489,-11.777,16.266,9.309,7.35,8.374,-0.76,4.333,13.221,14.409999999999997,1.1889999999999965,0,No Crisis,41466.0,,,72.69,65.78,688.03,10664.39,74622.0,,,,,,,,,,
2006-04-30,2006-04,2006,4,Apr,2006-07,Q1,44.95,0,1.05,2.76,1.254877453874447,160.68,5.97,13.28257191201354,160.68,0.0,0,12.43220240628264,12.432202406282642,8.625,12.9245,-4.2995,4.2995,45.5145,12.924500000000002,14.01287932251234,12.3046875,0.6673372277457542,70.44,67.06,67.06,Indian Basket,11.75,35.67,13.15,35.82722715001927,3.9722,8.9523,0.941,7.684,3.0312,30.733877519439822,17855.039,27804.7,10.27,,,,4.79,0.2,,,,,,,,,,,,,0,No Crisis,,,,72.69,65.78,688.03,10664.39,74622.0,,,,,,,,,,
2006-05-31,2006-05,2006,5,May,2006-07,Q1,45.41,0,1.02,4.41,1.2454727105510033,163.87,1.99,18.010946276825578,163.87,0.0,0,11.6097722254366,10.848007414272477,10.1097,15.106,-4.9963,4.9963,45.2558,14.114833333333332,14.162636033857323,26.73561489281684,0.6692506288891831,70.19,67.22,67.22,Indian Basket,0.24,43.02,-0.36,44.21614957879597,4.8565,10.2495,1.4636,8.646,3.3929,32.1494770289951,22053.3665,30983.73,11.43,,,,4.94,0.15,,,,,,,,,,,,,0,No Crisis,,,,72.69,65.78,688.03,10664.39,74622.0,,,,,,,,,,
2006-06-30,2006-06,2006,6,Jun,2006-07,Q1,46.06,0,1.43,5.67,1.2809217798369252,162.91,-0.58,17.73505817735057,163.87,-0.59,0,11.5183381804641,11.313115881139714,10.42,14.4001,-3.9801,3.9801,45.3269,14.143533333333332,22.00372786579683,32.0157101228937,0.7236060860688467,68.86,66.9,66.9,Indian Basket,-0.48,26.9,-1.89,26.79064628981771,4.878100000000001,9.522,2.0118,8.408100000000001,2.8663000000000007,33.87545919820002,22468.528600000005,27865.6,-10.06,,,,4.99,0.05,6.379,-4.437,-16.95,12.513,7.567,6.881,10.725,1.738,-0.506,6.379,11.289999999999992,4.9109999999999925,0,No Crisis,,,,72.69,65.78,688.03,10664.39,74622.0,,,,,,,,,,
2006-07-31,2006-07,2006,7,Jul,2006-07,Q2,46.46,0,0.87,6.71,1.2719062286762517,164.58,1.02,17.105450405578495,164.58,0.0,0,11.097400627086072,10.982689818089607,10.6001,14.9854,-4.3853,4.3853,45.6952,14.8305,30.205925797202184,41.48558462359853,0.7073618321833252,73.9,71.29,71.29,Indian Basket,6.56,29.59,7.32,28.34317471344219,5.122,9.8634,2.1383,8.461799999999998,2.9837,34.17993513686655,23796.812,29724.72,6.67,,,,5.24,0.25,,,,,,,,,,,,,0,No Crisis,,,,72.69,65.78,688.03,10664.39,74622.0,,,,,,,,,,
2006-08-31,2006-08,2006,8,Aug,2006-07,Q2,46.54,0,0.17,6.68,1.2726859571216051,166.24,1.01,15.380344253192655,166.24,0.0,0,11.154002710669571,10.846431390971311,10.7695,15.3267,-4.5572,4.5572,46.0634,14.904066666666669,20.115203761755485,25.65044918912613,0.7026626736348986,73.61,70.78,70.78,Indian Basket,-0.72,17.87,-0.39,14.854111405835546,5.5435,9.7832,1.7913,8.9781,3.7522,36.168907853614925,25799.449,29735.39,0.04,,,,5.25,0.01,,,,,,,,,,,,,0,No Crisis,,,,72.69,65.78,688.03,10664.39,74622.0,,,,,,,,,,
2006-09-30,2006-09,2006,9,Sep,2006-07,Q2,46.12,0,-0.9,5.02,1.3379722332581077,165.3,-0.56,15.545924786802743,166.24,-0.57,0,10.404253176454793,9.526773518681814,10.7569,17.3511,-6.5942,6.5942,48.2186,15.887733333333337,34.546370967741915,27.19522289227858,0.619954930811303,62.77,60.93,60.93,Indian Basket,-13.92,1.99,-14.73,-0.3334391870434938,5.1624,12.1886,1.5845,9.1724,3.5779,29.752580528035686,23808.9888,28078.79,-5.57,,,,5.25,0.0,2.27,-5.747,-16.016,10.269,6.45,5.857,7.86,2.116,2.15,2.27,2.390000000000015,0.1200000000000147,0,No Crisis,,,,72.69,65.78,688.03,10664.39,74622.0,,,,,,,,,,
2006-10-31,2006-10,2006,10,Oct,2006-07,Q3,45.47,0,-1.41,1.45,1.3254373206263217,167.39,1.26,16.591209862784705,167.39,0.0,0,10.0053396878275,9.558370069208102,9.9286,17.512400000000003,-7.5838,7.5838,52.5424,16.73006666666667,47.37355886560637,15.154256553003954,0.5669468490897878,58.38,57.27,57.27,Indian Basket,-6.01,1.76,-7.0,-0.2392344497607612,5.5578,11.9546,1.5098,8.4188,4.048,31.73636965807085,25271.3166,27083.91,-3.54,25.481014470394147,,,5.25,0.0,,,,,,,,,,,,,0,No Crisis,,,,72.69,65.78,688.03,10664.39,74622.0,,,,,,,,,,
2006-11-30,2006-11,2006,11,Nov,2006-07,Q3,44.85,0,-1.36,-1.92,1.241703375499666,174.64,4.33,22.27979274611398,174.64,0.0,0,10.223886567781642,10.66100163602178,9.9794,16.3812,-6.401800000000001,6.401800000000001,54.9112,17.081566666666667,44.63358643828359,36.8353215412039,0.6091983493272777,58.48,57.79,57.79,Indian Basket,0.91,8.75,0.18,5.293482175009001,4.2686,12.1126,1.3553,8.624,2.9133000000000004,26.057920054696847,19144.671,28510.88,5.27,27.766397712733905,,,5.25,0.0,,,,,,,,,,,,,0,No Crisis,,,,72.69,65.78,688.03,10664.39,74622.0,,,,,,,,,,
2006-12-31,2006-12,2006,12,Dec,2006-07,Q3,44.64,0,-0.48,-2.2,1.2452634502811253,177.25,1.49,29.181546534509128,177.25,0.0,0,10.72656193265716,11.30449756371336,10.8345,15.6796,-4.8451,4.8451,56.6023,16.524400000000004,26.55044390637611,17.319978343259358,0.690993392688589,62.31,60.34,60.34,Indian Basket,4.41,9.61,6.55,9.797356828193829,4.4423,11.2373,1.4935,9.3409,2.9488000000000003,28.331717645858312,19830.4272,28481.2,-0.1,20.28651310510268,,,5.24,-0.01,7.505,-3.604,-16.433,12.829,6.08,8.628,10.815,2.898,3.569,7.505,11.949999999999989,4.444999999999989,0,No Crisis,,,,72.69,65.78,688.03,10664.39,74622.0,,,,,,,,,,
2007-01-31,2007-01,2007,1,Jan,2006-07,Q4,44.33,0,-0.68,-0.15,0.97474316741603,180.16,1.64,28.34651278763268,180.16,0.0,0,11.621301418904826,12.470495400397317,10.967,14.4469,-3.4799,3.4799,56.3562,15.502566666666668,12.043586164107325,19.622600349040155,0.7591247949387067,54.3,52.53,52.53,Indian Basket,-12.94,-13.23,-12.86,-14.582350165172253,3.7577,10.6892,1.4287999999999998,9.5381,2.3289,26.010424381701263,16657.8841,28222.46,-0.91,14.094818193909497,,,5.25,0.01,,,,,,,,,,,,,0,No Crisis,,,,72.69,65.78,688.03,10664.39,74622.0,,,,,,,,,,
2007-02-28,2007-02,2007,2,Feb,2006-07,Q4,44.16,0,-0.39,-0.38,0.9803601688186095,194.56,7.99,36.62921348314608,194.56,0.0,0,13.08370992037874,13.43210422031523,10.5612,14.4847,-3.9235,3.9235,57.7997,14.870399999999998,25.571738188123103,16.63390392048594,0.7291279764164947,57.76,56.53,56.53,Indian Basket,7.61,-4.11,6.37,-3.604806408544736,4.4957,9.9891,1.2784,9.2828,3.2173000000000003,31.03757758186224,19853.0112,29520.19,4.6,17.989389017145108,,,5.26,0.01,,,,,,,,,,,,,0,No Crisis,,,,72.69,65.78,688.03,10664.39,74622.0,,,,,,,,,,
2007-03-31,2007-03,2007,3,Mar,2006-07,Q4,44.03,0,-0.3,-1.02,0.9758989639705434,199.18,2.37,31.36789341775492,199.18,0.0,0,12.970769424461997,11.623075755984267,12.8624,17.136599999999998,-4.2742,4.2742,59.3209,15.356066666666663,19.719156070979448,11.256811694490088,0.7505806285961043,62.14,60.26,60.26,Indian Basket,6.6,0.42,7.59,-0.1767068273092364,4.8885,12.248,1.6382,11.224200000000002,3.2503,28.52666223171457,21524.0655,29060.57,-1.56,15.252263060311911,,,5.26,0.0,20.452,4.223,-12.383,16.606,9.372,8.713,15.803,0.941,1.847,20.452,21.930000000000007,1.478000000000005,0,No Crisis,30841.0,,,72.69,65.78,688.03,10664.39,74622.0,,,,,,,,,,
2007-04-30,2007-04,2007,4,Apr,2007-08,Q1,42.15,0,-4.27,-6.23,1.4887181795698643,204.41,2.63,27.21558376898181,204.41,0.0,0,12.266587187124314,11.127018170337386,11.3268,18.3706,-7.0438,7.0438,62.0652,16.663966666666667,42.13780030175247,31.32521739130434,0.6165721315580329,67.4,65.48,65.48,Indian Basket,8.66,-2.36,8.46,-4.315729699034632,5.4935,12.8771,2.0869,9.2399,3.4066,29.903759267525288,23155.1025,28948.91,-0.38,4.115167579581858,,,5.25,-0.01,,,,,,,,,,,,,0,No Crisis,,,,72.69,65.78,688.03,10664.39,74622.0,,,,,,,,,,
2007-05-31,2007-05,2007,5,May,2007-08,Q1,40.78,0,-3.24,-10.19,1.5911973764775644,208.07,1.79,26.97260023189112,208.07,0.0,0,11.017408355940251,9.838057637296387,12.4557,21.1495,-8.6938,8.6938,65.7627,18.885566666666666,40.00728187475176,23.205436363096823,0.5889359086503227,67.48,65.7,65.7,Indian Basket,0.34,-2.26,0.12,-3.860948853112967,5.6129,15.5366,2.2297,10.2261,3.3832,26.53916168230928,22889.4062,27551.58,-4.83,-11.077265390577562,,,5.25,0.0,,,,,,,,,,,,,0,No Crisis,,,,72.69,65.78,688.03,10664.39,74622.0,,,,,,,,,,
2007-06-30,2007-06,2007,6,Jun,2007-08,Q1,40.77,0,-0.02,-11.47,1.448487978632345,213.36,2.54,30.96801915167886,213.36,0.0,0,10.751124107894205,10.659472422062352,12.101,20.016,-7.915,7.915,69.69760000000001,19.845366666666667,38.99903472892547,16.132437619961614,0.6045663469224621,71.32,68.1,68.1,Indian Basket,3.65,1.79,5.69,3.5724658727853464,5.8899,14.126,2.1099,9.9911,3.78,29.42595923261392,24013.1223,27030.41,-1.89,-2.9972080271015167,,,5.25,0.0,11.2,-4.532,-19.747,15.215,9.006,8.196,15.698,2.874,7.542,11.2,14.180000000000009,2.9800000000000075,0,No Crisis,,,,72.69,65.78,688.03,10664.39,74622.0,,,,,,,,,,
2007-07-31,2007-07,2007,7,Jul,2007-08,Q2,40.41,0,-0.88,-13.01,1.32591877807828,227.11,6.44,37.99368088467614,227.11,0.0,0,10.937311880258324,10.748937459178556,12.5133,21.1286,-8.6153,8.6153,73.9276,20.7647,40.99456804623165,18.04888633126101,0.592244635233759,77.2,72.58,72.58,Indian Basket,6.58,1.81,8.26,4.46549391069011,5.6,15.5286,2.2035,10.3098,3.3965,26.504359020474617,22629.599999999995,27160.4,0.48,-8.626893710016448,,,5.26,0.01,,,,,,,,,,,,,0,No Crisis,,,,72.69,65.78,688.03,10664.39,74622.0,,,,,,,,,,
2007-08-31,2007-08,2007,8,Aug,2007-08,Q2,40.82,0,1.01,-12.28,1.4205462031034075,228.85,0.77,37.66241578440808,228.85,0.0,0,11.161509010656715,11.236920538743684,12.6406,20.3659,-7.7253,7.7253,77.09570000000001,20.5035,32.87857138196741,17.374065648358794,0.6206747553508561,70.8,68.98,68.98,Indian Basket,-4.96,-2.54,-8.3,-3.817416111941319,6.2022,14.1637,1.9694,10.6712,4.232799999999999,30.45384687148616,25317.3804,27420.36,0.96,-7.7854368145163,,,5.02,-0.24,,,,,,,,,,,,,0,No Crisis,,,,72.69,65.78,688.03,10664.39,74622.0,,,,,,,,,,
2007-09-30,2007-09,2007,9,Sep,2007-08,Q2,40.34,0,-1.18,-12.53,1.4196798614796584,247.76,8.27,49.885057471264346,247.76,0.0,0,12.447749196141478,13.600109784547824,12.5214,18.2175,-5.696,5.696,76.1975,19.904,4.9933433615160006,16.403424778514264,0.6873281185673116,77.13,74.78,74.78,Indian Basket,8.41,22.73,8.94,22.877170622909016,5.791600000000001,12.4259,2.101,10.4205,3.6906000000000008,31.791409359132704,23363.314400000003,28890.59,5.36,2.89115022406592,,,4.94,-0.08,29.236,-4.257,-21.475,17.218,9.418,9.3,33.224,2.266,10.9,29.236,34.39999999999998,5.163999999999977,0,No Crisis,,,,72.69,65.78,688.03,10664.39,74622.0,,,,,,,,,,
2007-10-31,2007-10,2007,10,Oct,2007-08,Q3,39.51,0,-2.05,-13.1,1.444194228522245,264.69,6.83,58.127725670589655,264.69,0.0,0,13.143372616525424,12.123613312202853,14.6747,21.8326,-7.1578,7.1578,75.77149999999999,20.138666666666666,24.66937712706423,47.8023084825655,0.6721462400263827,82.86,79.33,79.33,Indian Basket,6.08,38.52,7.43,41.932168550873584,6.5247,15.3079,2.4251,12.2497,4.099600000000001,29.88512591262608,25779.0897,30082.19,4.12,11.070336594679263,,,4.76,-0.18,,,,,,,,,,,,,0,No Crisis,,,,72.69,65.78,688.03,10664.39,74622.0,,,,,,,,,,
2007-11-30,2007-11,2007,11,Nov,2007-08,Q3,39.44,0,-0.19,-12.07,1.4682671192032213,273.52,3.34,56.61933119560239,273.52,0.0,0,13.202004047996754,12.37417492682353,12.9093,22.1041,-9.1948,9.1948,78.5645,20.71806666666667,34.93578004053426,29.35948052989157,0.5840228735845386,92.53,89.11,89.11,Indian Basket,12.33,54.2,11.67,58.22503419972642,6.4829,15.6212,2.127,10.7823,4.3559,29.32894802321741,25568.5576,32045.54,6.53,12.397582957804175,,,4.49,-0.27,,,,,,,,,,,,,0,No Crisis,,,,72.69,65.78,688.03,10664.39,74622.0,,,,,,,,,,
2007-12-31,2007-12,2007,12,Dec,2007-08,Q3,39.44,0,0.01,-11.64,1.4923532362742322,275.32,0.66,55.32863187588153,275.32,0.0,0,12.894825583573756,13.686005299027183,14.6255,20.1169,-5.4914,5.4914,79.21079999999999,21.3512,28.299829077272378,34.9900779916009,0.7270255357435788,91.45,87.92,87.92,Indian Basket,-1.34,45.71,-1.17,46.76616915422886,6.8238,13.293,2.2833,12.3421,4.5405,33.92073331378095,26913.0672,31965.79,-0.25,12.23470218951448,,,4.24,-0.25,26.738,-3.511,-24.241,20.73,11.346,10.934,29.639,2.12,12.727,26.738,27.56,0.8220000000000027,0,No Crisis,,-6819.8,,72.69,65.78,688.03,10664.39,74622.0,,,,,,,,,,
2008-01-31,2008-01,2008,1,Jan,2007-08,Q4,39.37,0,-0.17,-11.19,1.509919474071982,293.24,6.51,62.76642984014211,293.24,0.0,0,13.520550092675984,12.836406296510305,14.8891,22.8444,-7.9553,7.9553,83.6862,21.68846666666667,58.12665692986039,35.76274277377587,0.6517614820262296,91.92,89.52,89.52,Indian Basket,1.82,70.42,0.51,69.28176795580112,8.505,14.3394,2.3937,12.4954,6.111300000000001,37.23013079791984,33484.185000000005,34997.88,9.49,24.00719143547372,,,3.94,-0.3,,,,,,,,,,,,,1,2008 GFC,,-29447.51,,72.69,65.78,688.03,10664.39,74622.0,,,,,,,,,,
2008-02-29,2008-02,2008,2,Feb,2007-08,Q4,39.73,0,0.91,-10.02,1.5994911596182588,301.24,2.73,54.831414473684205,301.24,0.0,0,14.172509672127806,14.479629309184595,15.1162,20.8044,-5.6882,5.6882,85.45089999999999,21.255233333333333,43.63017528840778,43.12956860962769,0.7265866835861645,94.82,92.37,92.37,Indian Basket,3.18,63.4,3.15,64.16204986149583,7.7128,13.0916,2.3791,12.7371,5.3337,37.07292688085213,30642.9544,36875.78,5.37,24.91714992349303,,,2.98,-0.96,,,,,,,,,,,,,1,2008 GFC,,-4051.12,-13439.476666666667,72.69,65.78,688.03,10664.39,74622.0,,,,,,,,,,
2008-03-31,2008-03,2008,3,Mar,2007-08,Q4,40.36,0,1.57,-8.34,1.7440174797567145,309.72,2.82,55.497539913645966,309.72,0.0,0,13.822157759678682,13.138370302498124,17.254,23.5737,-6.3196,6.3196,87.4963,22.4075,37.56346066314207,34.14292822490361,0.7319173485706528,103.28,99.76,99.76,Indian Basket,8.0,65.55,8.92,66.20534277438044,9.0755,14.4982,2.5953000000000004,14.6587,6.4802,38.49841136520784,36628.718,39230.29,6.38,34.99490890921961,,,2.61,-0.37,24.99,-3.438,-26.005,22.567,9.083,13.515,28.024,8.633,-3.736,24.99,34.400000000000034,9.410000000000036,1,2008 GFC,66179.0,-3763.8,-12420.809999999998,72.69,65.78,688.03,10664.39,74622.0,,,,,,,,,,
2008-04-30,2008-04,2008,4,Apr,2008-09,Q1,40.02,0,-0.83,-5.04,1.34166676077545,314.15,1.43,53.686218873832,314.15,0.0,0,12.617310395608806,10.362207217756431,18.4604,30.3169,-11.8565,11.8565,92.309,24.898333333333337,65.02944922865883,62.97983543454464,0.6089144998334263,110.19,105.72,105.72,Indian Basket,5.97,61.45,6.69,63.48664688427299,8.9305,21.3863,2.8424,15.6179,6.088100000000001,29.45716745445609,35739.861000000004,36700.02,-6.45,26.77513592048888,,,2.28,-0.33,,,,,,,,,,,,,1,2008 GFC,,-2536.88,-3450.6,72.69,65.78,688.03,10664.39,74622.0,,,,,,,,,,
2008-05-31,2008-05,2008,5,May,2008-09,Q1,42.12,0,5.25,3.29,1.859102707971744,314.61,0.15,51.20392175710098,314.61,0.0,0,11.325842211241,10.685174367264873,18.6866,29.4436,-10.757,10.757,94.3722,27.77806666666667,39.21652994160618,50.02448678115239,0.6346574467796057,123.94,120.91,120.91,Indian Basket,14.37,84.03,12.48,83.66923532898636,10.4952,18.948400000000003,2.7295,15.9572,7.765700000000001,35.64509774619952,44205.7824,37721.43,2.78,36.91203916436008,,,1.98,-0.3,,,,,,,,,,,,,1,2008 GFC,,-6695.59,-4332.09,72.69,65.78,688.03,10664.39,74622.0,,,,,,,,,,
2008-06-30,2008-06,2008,6,Jun,2008-09,Q1,42.82,0,1.65,5.02,1.8962618729777487,312.09,-0.8,46.27390326209222,314.61,-0.8,0,10.55414711349538,10.780087459327268,19.1809,28.9506,-9.7697,9.7697,96.2269,29.57036666666667,44.63729016786571,58.50673498058012,0.6625389456522491,133.05,129.72,129.72,Indian Basket,7.29,90.48,7.35,86.55356141334832,10.1196,18.831,3.5873000000000004,15.5936,6.532299999999999,34.95471596443597,43332.1272,38398.36,1.79,42.05615083160041,,,2.0,0.02,2.235,-3.400776376,-25.200163962,21.799387586,11.271313052,12.142661981,5.227912784,8.944219014,-4.206732953,2.235,2.369999999999948,0.1349999999999478,1,2008 GFC,,-12667.16,-7299.876666666667,72.69,65.78,688.03,10664.39,74622.0,,,,,,,,,,
2008-07-31,2008-07,2008,7,Jul,2008-09,Q2,42.84,0,0.04,6.0,1.8568929735317288,306.18,-1.89,34.81572806129187,314.61,-2.68,0,10.203766508886387,9.681427961613256,19.0304,31.6255,-12.595,12.595,100.2066,30.006566666666668,49.681001107503576,52.0813854059281,0.6017422649444277,133.87,132.47,132.47,Indian Basket,2.12,82.52,0.62,73.40673575129533,12.6754,18.9501,3.7545,15.276,8.9209,40.07968253466348,54301.4136,40446.37,5.33,48.91669489403692,,,2.01,0.01,,,,,,,,,,,,,1,2008 GFC,,-4604.0,-7988.916666666667,72.69,65.78,688.03,10664.39,74622.0,,,,,,,,,,
2008-08-31,2008-08,2008,8,Aug,2008-09,Q2,42.94,0,0.23,5.18,1.851124146582448,295.31,-3.55,29.040856456194007,314.61,-6.13,0,9.41484155567576,8.809123234058802,17.7593,33.5232,-15.7639,15.7639,108.2452,31.366433333333333,64.60455958243925,40.49412211445657,0.5297614786177931,113.85,113.05,113.05,Indian Basket,-14.66,63.89,-14.96,60.80508474576271,11.5206,22.0026,3.2541,14.5052,8.2665,34.36605097365407,49469.4564,36714.92,-9.23,33.89656445064908,,,2.0,-0.01,,,,,,,,,,,,,1,2008 GFC,,-5456.12,-7575.759999999999,72.69,65.78,688.03,10664.39,74622.0,,,,,,,,,,
2008-09-30,2008-09,2008,9,Sep,2008-09,Q2,45.56,0,6.12,12.95,2.392015126130341,286.34,-3.04,15.571520826606378,314.61,-8.99,0,8.921694480102696,9.196517181242111,15.7891,31.1357,-15.3466,15.3466,117.8958,32.0948,70.91093728557705,26.09692206941716,0.5071059908722143,99.06,96.81,96.81,Indian Basket,-14.37,29.46,-12.99,28.43251653053287,9.5434,21.5923,2.5536,13.2355,6.989800000000001,30.650989057577,43479.73040000001,37924.22,3.29,31.268416463630544,,,1.81,-0.19,-4.734,-12.264168668,-39.12113184,26.856963172,15.475905263,12.94239263,6.780126916,6.159158999000001,-1.3111841750000002,-4.734,-25.75,-21.016,1,2008 GFC,,-12502.74,-7520.953333333334,72.69,65.78,688.03,10664.39,74622.0,,,,,,,,,,
2008-10-31,2008-10,2008,10,Oct,2008-09,Q3,48.66,0,6.79,23.14,2.694320063775013,252.88,-11.68,-4.461823264951459,314.61,-19.62,1,8.380151157318934,9.775293494605576,14.1308,25.8693,-11.7384,11.7384,122.4764,30.176066666666667,18.489323305515605,-3.706379006044436,0.5462382051311786,72.84,69.12,69.12,Indian Basket,-28.6,-12.87,-26.47,-12.09268645908761,7.285,18.5843,2.124,12.0068,5.161,28.16079290896932,35448.81,39432.3,3.98,31.08187934455571,,,0.97,-0.84,,,,,,,,,,,,,1,2008 GFC,,-15653.5,-11204.12,72.69,65.78,688.03,10664.39,74622.0,,,,,,,,,,
2008-11-30,2008-11,2008,11,Nov,2008-09,Q3,49.0,0,0.71,24.25,2.6465494974445933,247.69,-2.06,-9.443550745832107,314.61,-21.27,1,9.231463030417476,10.54529508434022,11.1633,23.4882,-12.3249,12.3249,125.6065,26.83106666666667,6.261734248397355,-13.52513304361972,0.4752726901167394,53.24,50.91,50.91,Indian Basket,-26.35,-42.87,-26.91,-42.46190424727116,5.9539,17.534299999999998,1.3068,9.8565,4.6471,25.348472850197123,29174.11,37728.52,-4.32,17.73407469494974,,,0.39,-0.58,,,,,,,,,,,,,1,2008 GFC,,-5458.96,-11205.066666666668,72.69,65.78,688.03,10664.39,74622.0,,,,,,,,,,
2008-12-31,2008-12,2008,12,Dec,2008-09,Q3,48.63,0,-0.74,23.31,2.70239105686842,255.97,3.34,-7.028185384280105,314.61,-18.64,1,11.159244221362576,13.156149936010443,13.3682,19.4563,-6.088100000000001,6.088100000000001,126.2032,22.937933333333334,-3.283806153035518,-8.596629175070946,0.6870885008968818,41.58,40.61,40.61,Indian Basket,-20.23,-53.81,-21.9,-54.53253143794423,4.5806,14.8757,1.3123,12.0559,3.2683000000000004,23.543016914829646,22275.457800000004,40060.9,6.18,25.32429200091724,,,0.16,-0.23,-17.881,-11.870949995,-34.993554879,23.122604883,15.128615063,10.151428396,-4.994767045,2.940904754,-5.820175794,-17.881,-30.369999999999976,-12.488999999999976,1,2008 GFC,,1034.81,-6692.55,72.69,65.78,688.03,10664.39,74622.0,,,,,,,,,,
2009-01-31,2009-01,2009,1,Jan,2008-09,Q4,48.83,0,0.41,24.03,2.669048604755156,248.61,-2.87,-15.219615332151138,314.61,-20.98,1,12.19220338484324,13.638757529542138,12.869,18.2282,-5.359100000000001,5.359100000000001,123.607,20.3909,-20.20714048081805,-13.567643443861622,0.7059940092823207,44.86,43.99,43.99,Indian Basket,8.32,-50.86,7.89,-51.19669277632723,4.5237,13.7044,1.3582,11.5108,3.1655,24.817041726555555,22089.2271,41906.31,4.61,19.739567082348984,,,0.15,-0.01,,,,,,,,,,,,,1,2008 GFC,,-5172.82,-3198.99,72.69,65.78,688.03,10664.39,74622.0,,,,,,,,,,
2009-02-28,2009-02,2009,2,Feb,2008-09,Q4,49.26,0,0.88,23.98,2.6700153217129308,249.28,0.27,-17.248705351214976,314.61,-20.77,1,14.177948573086091,16.550039170904647,11.9409,15.0622,-3.1213,3.1213,121.0401,17.58223333333333,-27.60089211897483,-21.00594064645877,0.7927726361354914,43.24,43.22,43.22,Indian Basket,-1.75,-53.21,-3.61,-54.397806369964144,3.8691,11.1932,1.2015,10.7395,2.6676,25.687482572267,19059.1866,46069.26,9.93,24.93094383359484,,,0.22,0.07,,,,,,,,,,,,,1,2008 GFC,,-2833.43,-2323.813333333333,72.69,65.78,688.03,10664.39,74622.0,,,,,,,,,,
2009-03-31,2009-03,2009,3,Mar,2008-09,Q4,51.23,0,3.99,26.94,2.738286900877105,251.98,1.09,-18.64264496965001,314.61,-19.91,1,15.153045883697152,15.182627767133027,12.9163,16.5966,-3.6803,3.6803,118.4008,16.629,-29.59696611053845,-25.14025733163325,0.7782497619994457,46.84,46.02,46.02,Indian Basket,6.48,-53.87,8.32,-54.64756003098373,4.1747,12.4219,1.5227,11.3936,2.652,25.15394719400359,21386.988099999995,47477.96,3.06,21.02372936830188,,,0.18,-0.04,0.3001999999999999,-0.379599996,-20.205120904,19.825520908,12.040194615,9.561888107,0.381558373,4.328017789,-2.69219288,0.3001999999999999,-3.990000000000009,-4.290200000000009,1,2008 GFC,-45811.0,-683.57,-2896.606666666666,72.69,65.78,688.03,10664.39,74622.0,,,,,,,,,,
2009-04-30,2009-04,2009,4,Apr,2009-10,Q1,50.06,0,-2.28,25.08,2.903532201031053,251.7,-0.11,-19.87903867579181,314.61,-20.0,1,14.80602751007363,13.014006731917664,12.475700000000002,19.3407,-6.865,6.865,113.4093,16.99983333333333,-36.204889022294495,-32.419124179324385,0.6450490416582647,50.85,50.14,50.14,Indian Basket,8.95,-52.57,8.55,-53.85243670024502,4.7399,14.6008,1.5166,10.9591,3.2233,24.50738597879084,23727.9394,44979.45,-5.26,22.559742474254783,,,0.15,-0.03,,,,,,,,,,,,,1,2008 GFC,,5560.1,681.0333333333338,72.69,65.78,688.03,10664.39,74622.0,,,,,,,,,,
2009-05-31,2009-05,2009,5,May,2009-10,Q1,48.53,0,-3.05,15.21,3.024453243851261,262.31,4.21,-16.62375639680875,314.61,-16.62,1,14.05892410185498,13.091673154858158,12.3165,20.0364,-7.7199,7.7199,110.3722,18.6579,-31.94989743102066,-34.08913338970171,0.6147062346529316,57.94,58.0,58.0,Indian Basket,15.68,-52.03,13.96,-53.25157334193965,5.3071,14.7293,1.5002,10.8163,3.8069,26.487293126509755,25755.3563,45337.86,0.8,20.191254679369266,,,0.18,0.03,,,,,,,,,,,,,1,2008 GFC,,13886.09,6254.206666666668,72.69,65.78,688.03,10664.39,74622.0,,,,,,,,,,
2009-06-30,2009-06,2009,6,Jun,2009-10,Q1,47.77,0,-1.57,11.56,3.124895513404722,265.14,1.08,-15.043737383447075,314.61,-15.72,1,12.740561345846126,11.50032530904359,13.6063,23.055,-9.4487,9.4487,110.0512,20.8107,-20.364344780419053,-29.06328691562961,0.5901669919757102,68.62,69.12,69.12,Indian Basket,19.17,-46.72,18.43,-48.42540398346487,6.6021,16.452900000000003,1.4177,12.1886,5.1844,28.6363044892648,31538.2317,45475.93,0.3,18.43195907325208,,,0.21,0.03,0.115,-4.1521191150000005,-26.28026314,22.128144024,11.460387861,12.875840291,3.808931142,4.970349210999999,8.268364505,0.115,13.159999999999997,13.044999999999996,1,2008 GFC,,-85.14,6453.683333333333,72.69,65.78,688.03,10664.39,74622.0,,,,,,,,,,
2009-07-31,2009-07,2009,7,Jul,2009-10,Q2,48.48,0,1.48,13.17,3.113949431285944,271.64,2.45,-11.28094584884709,314.61,-13.66,1,12.573034904011267,12.50443068566299,14.3413,21.7235,-7.3822,7.3822,104.8384,21.60496666666667,-31.310176914198973,-24.640049604842783,0.6601744654406517,64.91,64.82,64.82,Indian Basket,-6.22,-51.07,-5.4,-51.51266153731232,7.3443,14.3792,1.8087,12.5325,5.5356000000000005,33.80808801528299,35605.1664,45663.23,0.41,12.89821558770292,,,0.16,-0.05,,,,,,,,,,,,,0,No Crisis,,-1364.6,4145.450000000001,72.69,65.78,688.03,10664.39,74622.0,,,,,,,,,,
2009-08-31,2009-08,2009,8,Aug,2009-10,Q2,48.34,0,-0.3,12.57,3.1308271731091737,277.25,2.07,-6.115607327892725,314.61,-11.88,1,12.372224337768044,12.350381091109952,13.5863,22.4487,-8.8623,8.8623,97.9368,22.40906666666667,-33.03533075601373,-23.497547763706905,0.6052154467742007,72.5,71.98,71.98,Indian Basket,11.05,-36.33,11.7,-36.31971892841458,6.935899999999999,15.5128,2.1101,11.4762,4.825799999999999,30.896666622120648,33528.1406,46446.45,1.72,26.505654921759337,,,0.16,0.0,,,,,,,,,,,,,0,No Crisis,,-3767.03,-1738.923333333333,72.69,65.78,688.03,10664.39,74622.0,,,,,,,,,,
2009-09-30,2009-09,2009,9,Sep,2009-10,Q2,48.44,0,0.21,6.31,2.6926717327973817,281.28,1.45,-1.7671299853321276,314.61,-10.59,1,12.843952912811988,13.066260358987698,14.6242,21.5272,-6.903,6.903,89.4932,21.8998,-30.86007380595265,-7.377874609699098,0.6793359099186146,67.69,67.7,67.7,Indian Basket,-5.95,-30.07,-6.65,-31.66767615586513,6.5461,14.9811,2.406,12.2182,4.1401,30.40850644765692,31709.3084,48779.15,5.02,28.6226849227222,,,0.15,-0.01,9.418,-9.195936218,-29.591662257,20.395726040000003,7.648078428,13.817097748,19.254645186,7.425001745999999,9.677581655,9.418,16.139999999999986,6.721999999999987,0,No Crisis,,13331.43,2733.266666666668,72.69,65.78,688.03,10664.39,74622.0,,,,,,,,,,
2009-10-31,2009-10,2009,10,Oct,2009-10,Q3,46.72,0,-3.55,-3.98,2.101891464199025,284.39,1.11,12.460455552040496,314.61,-9.61,0,12.203536747068089,10.965152414808871,14.806,25.9358,-11.1298,11.1298,88.88459999999999,23.3039,0.2570614589494147,4.778214963059413,0.5708711510730341,73.19,73.06,73.06,Indian Basket,7.92,5.7,8.14,0.4805052169137846,8.389100000000001,17.5467,2.7394000000000003,12.0666,5.649700000000001,32.3456380755558,39193.8752,49258.98,0.98,24.92038252904345,,,0.12,-0.03,,,,,,,,,,,,,0,No Crisis,,0.13,3188.176666666668,72.69,65.78,688.03,10664.39,74622.0,,,,,,,,,,
2009-11-30,2009-11,2009,11,Nov,2009-10,Q3,46.57,0,-0.33,-4.96,2.076966574481917,288.15,1.32,16.334934797529165,314.61,-8.41,0,11.930112683637066,11.52761386594123,14.9327,24.9965,-10.0638,10.0638,86.62349999999999,24.153166666666664,6.421522296301974,33.7660010928668,0.597391634828876,77.04,77.39,77.39,Indian Basket,5.93,52.01,5.25,44.70323065364388,7.5503,17.4462,2.944,11.9887,4.6063,30.205428760026404,35161.7471,52983.16,7.56,40.4326488290556,,,0.12,0.0,,,,,,,,,,,,,0,No Crisis,,1708.07,5013.210000000001,72.69,65.78,688.03,10664.39,74622.0,,,,,,,,,,
2009-12-31,2009-12,2009,12,Dec,2009-10,Q3,46.63,0,0.13,-4.12,2.079361061538477,283.47,-1.62,10.743446497636455,314.61,-9.9,0,10.739710319169223,10.033839030986076,16.4935,28.2514,-11.758,11.758,92.2934,26.394566666666663,45.20438110020919,23.37861492197904,0.5838117756996114,74.67,75.02,75.02,Indian Basket,-3.06,84.73,-3.07,79.5815295815296,8.2466,20.004900000000003,3.0822,13.4112,5.1644000000000005,29.190057837841664,38453.895800000006,53358.26,0.71,33.1928638647659,,,0.12,0.0,1.767403698,-12.183987527,-30.929333735,18.745346208,8.449370039,12.777549349,14.372126026,2.790970762,5.685299382,1.767402526,2.1900000000000546,0.4225974740000544,0,No Crisis,,4240.86,1983.0200000000004,72.69,65.78,688.03,10664.39,74622.0,,,,,,,,,,
2010-01-31,2010-01,2010,1,Jan,2009-10,Q4,45.96,0,-1.43,-5.89,2.0875235436886794,280.96,-0.89,13.012348658541484,314.61,-10.7,1,10.735287187527462,11.119642221078877,15.5571,25.267,-9.7099,9.7099,96.6442,26.171633333333336,38.61489340691895,20.88818089983682,0.6157082360391024,76.37,76.61,76.61,Indian Basket,2.12,74.15,2.28,70.2407489968792,8.5131,16.7539,2.4826,13.0745,6.0305,33.69256342264614,39126.2076,51914.69,-2.71,23.88275178606756,,,0.11,-0.01,,,,,,,,,,,,,0,No Crisis,,-7216.67,-422.5799999999997,72.69,65.78,688.03,10664.39,74622.0,,,,,,,,,,
2010-02-28,2010-02,2010,2,Feb,2009-10,Q4,46.33,0,0.8,-5.95,2.0828906196277632,278.36,-0.92,11.665596919127095,314.61,-11.52,1,10.4801323256637,10.639127343887356,15.757700000000002,26.1638,-10.4061,10.4061,103.929,26.56073333333333,73.7050364488587,31.96408980897589,0.6022710768313472,74.31,73.69,73.69,Indian Basket,-3.81,70.5,-2.7,71.85476410730804,8.24,17.9239,2.4538,13.3039,5.7862,31.493896146584216,38175.920000000006,51398.22,-0.99,11.567279352870008,,,0.13,0.02,,,,,,,,,,,,,0,No Crisis,,-1943.47,-1639.7599999999995,72.69,65.78,688.03,10664.39,74622.0,,,,,,,,,,
2010-03-31,2010-03,2010,3,Mar,2009-10,Q4,45.5,0,-1.79,-11.19,1.5532683040101027,279.06,0.25,10.74688467338678,314.61,-11.3,1,10.328198308118784,9.419142738524783,20.2541,29.626900000000003,-9.3728,9.3728,109.6215,27.01923333333333,78.51186387573361,56.81038687549837,0.6836388552295378,79.27,78.02,78.02,Indian Basket,5.88,69.53,6.68,69.23569598633645,8.7216,20.9053,3.7305,16.5236,4.9911,29.43811198606672,39683.28,51612.52,0.42,8.708377529278843,,,0.16,0.03,2.140936476,-12.648470307,-31.401404758,18.752934452,8.457404071000001,12.574733617,14.198015695,2.779785419,8.764798806,2.140936476,-4.410000000000025,-6.550936476000025,0,No Crisis,50924.0,14792.33,1877.3966666666668,72.69,65.78,688.03,10664.39,74622.0,,,,,,,269.41918909000003,,6.47,17920.0
2010-04-30,2010-04,2010,4,Apr,2010-11,Q1,44.5,0,-2.19,-11.11,1.5465883764145527,279.63,0.21,11.096543504171642,314.61,-11.12,1,9.591084952255516,8.828125739939194,18.1391,31.6749,-13.5358,13.5358,116.2923,29.1552,63.77328638570474,45.3954487523746,0.5726647913647714,84.98,84.08,84.08,Indian Basket,7.77,67.69,7.19,67.1189773844641,9.4541,22.2209,2.7476,15.3915,6.7065,29.8472923355717,42070.745,51874.91,0.51,15.330245256444908,,,0.2,0.04,,,,,,,,,,,,,0,No Crisis,,2667.37,5172.076666666667,72.69,65.78,688.03,10664.39,74622.0,,,,,,,,,,
2010-05-31,2010-05,2010,5,May,2010-11,Q1,45.81,0,2.95,-5.61,1.765870675452831,273.54,-2.18,4.2811940070908605,314.61,-13.05,1,9.012958970399424,9.195518218582652,17.282,29.7471,-12.4652,12.4652,121.0376,30.349633333333333,48.465293166437085,40.31583647951935,0.5809641948290758,76.25,76.16,76.16,Indian Basket,-9.42,31.31,-10.27,31.60165688643424,8.5711,21.1761,2.5835,14.6985,5.9876,28.813228852560417,39264.2091,55963.71,7.88,23.437034743148445,,,0.2,0.0,,,,,,,,,,,,,0,No Crisis,,-12071.12,1796.1933333333338,72.69,65.78,688.03,10664.39,74622.0,,,,,,,,,,
2010-06-30,2010-06,2010,6,Jun,2010-11,Q1,46.57,0,1.65,-2.52,1.8264427671893189,275.71,0.79,3.9865731311759856,314.61,-12.36,1,9.183129678274597,9.62385596503843,20.6671,28.6486,-7.9816,7.9816,119.5705,30.023533333333333,24.261982216438938,51.89360810800879,0.7213999986037711,74.84,74.33,74.33,Indian Basket,-2.4,7.54,-1.85,9.064412707665404,7.8304,20.8183,3.3433,17.3238,4.4871,27.33257471569292,36466.1728,58205.49,4.01,27.991862948157408,,,0.18,-0.02,3.741,-13.366006538,-30.824296108,17.45828957,8.047104709000001,13.027372913,17.174898004,3.643922321,4.605104155,3.741,-3.3500000000000227,-7.091000000000022,0,No Crisis,,7713.95,-563.2666666666661,72.69,65.78,688.03,10664.39,74622.0,,,,,,,177.12255582,,7.01,19423.0
2010-07-31,2010-07,2010,7,Jul,2010-11,Q2,46.84,0,0.58,-3.39,1.768867768324749,284.18,3.07,4.616404064202628,314.61,-9.67,0,9.680737995312583,9.57805722297682,16.9545,29.6699,-12.7154,12.7154,124.9037,29.3552,36.5797408336594,18.22150014294381,0.5714377197092002,74.74,73.54,73.54,Indian Basket,-1.06,13.45,-0.14,15.144045601602208,8.3569,21.313,2.9268,14.0276,5.4301,28.16625603726335,39143.7196,56891.12,-2.26,24.588470854996448,,,0.18,0.0,,,,,,,,,,,,,0,No Crisis,,8541.06,1394.6300000000003,72.69,65.78,688.03,10664.39,74622.0,,,,,,,,,,
2010-08-31,2010-08,2010,8,Aug,2010-11,Q2,46.57,0,-0.58,-3.66,1.7711088377486883,283.14,-0.37,2.124436429215515,314.61,-10.0,0,9.943319496828842,10.44500271140672,17.750400000000003,27.1077,-9.3572,9.3572,125.3986,28.4754,20.75398575418621,30.649256972096907,0.6548102568642858,76.69,75.13,75.13,Indian Basket,2.16,4.38,2.62,5.779310344827593,7.1922,19.9155,3.0313000000000003,14.7192,4.1609,26.53194479797253,33494.075399999994,57481.5,1.04,23.758651091741136,,,0.19,0.01,,,,,,,,,,,,,0,No Crisis,,7537.3,7930.77,72.69,65.78,688.03,10664.39,74622.0,,,,,,,,,,
2010-09-30,2010-09,2010,9,Sep,2010-11,Q2,46.06,0,-1.09,-4.91,1.777104173205453,292.87,3.44,4.12044937428897,314.61,-6.91,0,10.182131293067284,9.923827079337755,18.9842,29.5118,-10.5276,10.5276,129.0232,28.76313333333333,37.09075030658888,29.8135966411838,0.6432748934324576,77.79,76.09,76.09,Indian Basket,1.28,12.39,1.43,14.92096321465506,8.4245,21.0872,3.0206,15.9636,5.4039,28.54620863518999,38803.247,59386.12,3.31,21.744884853467106,,,0.19,0.0,3.289353868,-17.215394511,-35.067437486,17.852042975,9.820285699,12.976486215,21.902622391,3.694319346,19.19092072,3.289353868,17.160000000000025,13.870646132000026,0,No Crisis,,22475.64,12851.333333333334,72.69,65.78,688.03,10664.39,74622.0,,,,,,,259.41713216,,6.86,20008.0
2010-10-31,2010-10,2010,10,Oct,2010-11,Q3,44.41,0,-3.58,-4.95,1.781946501254549,297.96,1.74,4.771616442209647,314.61,-5.29,0,10.0344404880042,9.1788168826648,19.0808,32.4617,-13.3809,13.3809,131.2743,29.693733333333338,25.16174554091255,28.872078886937725,0.5877942313557207,82.92,81.11,81.11,Indian Basket,6.6,11.02,6.6,13.294165869654329,8.3464,24.1153,3.4821,15.5987,4.864299999999999,25.7115308193964,37066.36239999999,60583.23,2.02,22.989209277171383,,,0.19,0.0,,,,,,,,,,,,,0,No Crisis,,14388.06,14800.333333333334,72.69,65.78,688.03,10664.39,74622.0,,,,,,,,,,
2010-11-30,2010-11,2010,11,Nov,2010-11,Q3,45.02,0,1.37,-3.33,1.8546869375621409,292.39,-1.87,1.4714558389727683,314.61,-7.06,0,9.658781841926183,10.137541042149898,22.575,28.8423,-6.2673000000000005,6.2673000000000005,127.4778,30.271933333333333,15.385353949552917,51.17828657911829,0.7827045693304626,85.67,84.26,84.26,Indian Basket,3.88,8.88,3.32,11.201973001038423,7.7922,21.0502,3.2284,19.3466,4.5638000000000005,27.01656941367367,35080.48440000001,62421.32,3.03,17.813509047025498,,,0.19,0.0,,,,,,,,,,,,,0,No Crisis,,5350.87,14071.523333333333,72.69,65.78,688.03,10664.39,74622.0,,,,,,,,,,
2010-12-31,2010-12,2010,12,Dec,2010-11,Q3,45.16,0,0.31,-3.16,1.858895077483101,297.33,1.69,4.889406286379505,314.61,-5.49,0,9.610397446105212,9.43572265011377,23.349400000000003,31.5111,-8.1617,8.1617,123.8815,30.938366666666667,11.538189257877484,41.56728408160792,0.7409896830005935,91.8,89.77,89.77,Indian Basket,6.54,19.66,7.15,22.94094013660104,9.2436,22.2675,3.9367,19.4127,5.306900000000001,29.33442501213858,41744.0976,63779.7,2.18,19.531071665380374,,,0.18,-0.01,3.989001219,-11.238674859,-31.869152503,20.630477643,11.814094696,13.577628878,16.322733478,1.3103813789999998,6.298883681,3.989,4.45999999999998,0.4709999999999796,0,No Crisis,,-722.19,6338.913333333334,72.69,65.78,688.03,10664.39,74622.0,,,,,,,295.75309458000004,,7.56,22470.0
2011-01-31,2011-01,2011,1,Jan,2010-11,Q4,45.39,0,0.52,-1.23,1.8313935330035616,299.22,0.64,6.499145785877003,314.61,-4.89,0,9.579433766954445,8.971145543509547,22.6918,33.3536,-10.6618,10.6618,124.8334,31.235666666666663,32.004590968456895,45.8613751920345,0.6803403530653362,96.29,93.87,93.87,Indian Basket,4.57,22.53,4.9,26.083540657326164,9.7217,23.6319,4.0826,18.6092,5.6391,29.147378393936485,44126.7963,62889.24,-1.4,21.13958496140493,,,0.17,-0.01,,,,,,,,,,,,,0,No Crisis,,-8903.6,-1424.9733333333322,72.69,65.78,688.03,10664.39,74622.0,,,,,,,,,,
2011-02-28,2011-02,2011,2,Feb,2010-11,Q4,45.44,0,0.09,-1.93,1.8114752066319924,301.59,0.79,8.34530823394164,314.61,-4.14,0,9.247624391724695,9.14646351301352,23.2435,32.9734,-9.7299,9.7299,124.1572,32.6127,26.02680038832279,47.50566389765003,0.7049166904231897,103.96,101.62,101.62,Indian Basket,8.26,37.9,7.96,39.90041717130936,9.0784,23.895,3.9147,19.3288,5.1637,27.53249589062699,41252.2496,63230.91,0.54,23.02159491126348,,,0.16,-0.01,,,,,,,,,,,,,0,No Crisis,,-7213.39,-5613.059999999999,72.69,65.78,688.03,10664.39,74622.0,,,,,,,,,,
2011-03-31,2011-03,2011,3,Mar,2010-11,Q4,44.99,0,-0.98,-1.11,1.7590051854455224,304.82,1.07,9.23098975130796,314.61,-3.11,0,9.09060182515856,8.895438760323342,30.4185,34.267,-3.8485,3.8485,118.6329,33.53133333333333,15.661780341513952,50.184407107696735,0.8876907812180815,114.44,110.71,110.71,Indian Basket,8.95,41.9,10.09,44.36735208780118,11.9529,22.3141,5.1824,25.2361,6.7705,34.88166457524732,53776.097100000006,64785.43,2.46,25.52270263106704,,,0.14,-0.02,2.031,-6.232865843,-29.561500147,23.328634304,14.399170641,13.558897498,8.3392857,3.185515212,0.197662264,2.031,7.490000000000009,5.4590000000000085,0,No Crisis,146438.0,7976.89,-2713.3666666666654,72.69,65.78,688.03,10664.39,74622.0,,,,,,,298.81864644,,7.3,22143.0
2011-04-30,2011-04,2011,4,Apr,2011-12,Q1,44.37,0,-1.38,-0.29,1.684608577861948,313.51,2.85,12.116010442370271,314.61,-0.35,0,9.05781839989436,8.566815676451098,23.469524697,36.595861501,-13.126336804,13.126336804,118.223436804,34.612087167,15.535839106042948,29.38637913126893,0.6413163602217339,123.07,118.64,118.64,Indian Basket,7.16,41.1,7.54,44.822311132031054,13.00401955,23.591841951,5.12086797,18.348656727,7.883151580000001,35.53412603675052,57698.83474335,66515.62,2.67,28.22310438707265,,,0.1,-0.04,,,,,,,,,,,,,0,No Crisis,,4.4,255.96666666666783,72.69,65.78,688.03,10664.39,74622.0,,,,,,,,,,
2011-05-31,2011-05,2011,5,May,2011-12,Q1,44.9,0,1.2,-1.98,1.4665489794380904,311.52,-0.64,13.884623821013363,314.61,-0.98,0,8.048426861228036,6.883774845114678,26.521927621,45.254240153,-18.732312532,18.732312532,124.490549336,38.70570055133334,52.12992242268994,53.46561521235969,0.586065030179096,114.46,110.8,110.8,Indian Basket,-6.61,45.48,-7.0,50.111475409836046,13.14402327,32.110216883,5.309125213000001,21.212802408,7.834898056999999,29.04484358937724,59016.6644823,68864.09,3.53,23.051330942855653,,,0.09,-0.01,,,,,,,,,,,,,0,No Crisis,,-3705.37,1425.306666666668,72.69,65.78,688.03,10664.39,74622.0,,,,,,,,,,
2011-06-30,2011-06,2011,6,Jun,2011-12,Q1,44.85,0,-0.11,-3.68,1.3529594385731738,315.71,1.35,14.507997533640427,315.71,0.0,0,7.719097852160772,7.728619245621967,26.53613253,40.849469998,-14.313337468,14.313337468,130.822286804,40.89985721733333,42.58801476511944,28.39794905913264,0.649607755775025,113.76,109.99,109.99,Indian Basket,-0.73,47.98,-0.61,52.00427578834847,13.276994196,27.572475802,4.946228561,21.589903969,8.330765635,32.50224347255924,59547.318969060005,69298.3,0.63,19.05801325613788,,,0.09,0.0,5.442492594,-17.541329634,-45.009066955,27.467737321,16.417292433,14.679870527,23.923054094,9.256064035,2.541479734,5.442492594,10.889999999999986,5.447507405999986,0,No Crisis,,2662.76,-346.0699999999988,72.69,65.78,688.03,10664.39,74622.0,,,,,,,290.84137562,,7.89,24391.0
2011-07-31,2011-07,2011,7,Jul,2011-12,Q2,44.42,0,-0.97,-5.17,1.334740923675201,319.09,1.07,12.284467590963466,319.09,0.0,0,7.525140187391424,7.7626363682624735,26.426535021,41.105880124,-14.679345103,14.679345103,132.786231907,42.40319675833334,38.54404674097318,55.86738046536317,0.6428894100134023,116.46,112.53,112.53,Indian Basket,2.31,53.02,2.38,55.82017661225582,12.943014146,28.162865978000003,4.665527175,21.761007846,8.277486970999998,31.487013796946083,57492.868836532,70401.04,1.59,23.7469749233272,,,0.07,-0.02,,,,,,,,,,,,,0,No Crisis,,4281.5,1079.6300000000012,72.69,65.78,688.03,10664.39,74622.0,,,,,,,,,,
2011-08-31,2011-08,2011,8,Aug,2011-12,Q2,45.28,0,1.94,-2.77,1.49784289340816,321.98,0.91,13.71759553577736,321.98,0.0,0,7.92143430604059,8.052582560613219,24.768351766,39.984687841,-15.216336075,15.216336075,138.645367982,40.646679321,47.50306311859727,39.53686545655306,0.619445920510669,110.08,106.94,106.94,Indian Basket,-4.97,42.34,-5.48,43.53892293649759,12.505719897,27.478967944,4.387251948,20.381099818,8.118467949,31.27627242390706,56625.89969361601,80743.01,14.69,40.46782008124352,,,0.1,0.03,,,,,,,,,,,,,0,No Crisis,,-11559.2,-1538.3133333333324,72.69,65.78,688.03,10664.39,74622.0,,,,,,,,,,
2011-09-30,2011-09,2011,9,Sep,2011-12,Q2,47.63,0,5.2,3.41,2.1329299452900803,311.48,-3.26,6.354355174650883,321.98,-3.26,0,7.732445155652022,7.834778445489989,26.56119713,39.75606996,-13.19487283,13.19487283,141.31264081199998,40.28221264166666,34.71245386591124,39.91212234384383,0.6681041953272587,110.88,108.79,108.79,Indian Basket,1.73,42.98,0.72,42.53760123409176,10.779561891,28.976508069,4.868924894,21.692272236,5.910636997,27.114254255628644,51343.053286833005,85290.59,5.63,43.62041163827506,,,0.08,-0.02,0.2759553819999999,-18.891771952,-44.52752383,25.635751878,13.991977017,15.601377892,19.566763373,6.485066734,-1.195726459,0.2762166219999999,-4.229999999999961,-4.506216621999961,0,No Crisis,,-3088.87,-3455.523333333332,72.69,65.78,688.03,10664.39,74622.0,,,,,,,201.91416758,,9.2,28667.0
2011-10-31,2011-10,2011,10,Oct,2011-12,Q3,49.26,0,3.41,10.91,1.9206454091994127,316.21,1.52,6.124983219224056,321.98,-1.79,0,7.845375496311507,7.6796486566680064,23.632020963,41.175060753,-17.543039789999998,17.543039789999998,145.474780602,40.305272851333335,26.841973011271737,23.85235924594356,0.5739401601557608,109.47,106.11,106.11,Indian Basket,-2.46,30.82,-1.27,32.01881331403762,11.234342425,29.940718328,4.282819028,19.349201935,6.951523397000002,27.284337216628085,55340.37078555,82588.69,-3.17,36.32269193966713,,,0.07,-0.01,,,,,,,,,,,,,0,No Crisis,,1842.47,-4268.533333333332,72.69,65.78,688.03,10664.39,74622.0,,,,,,,,,,
2011-11-30,2011-11,2011,11,Nov,2011-12,Q3,50.86,0,3.25,12.97,2.0370968647473853,307.88,-2.63,5.297718800232576,321.98,-4.38,0,7.694844798243756,7.87366952494468,23.269706046,39.102479349,-15.832773303,15.832773303,155.040253905,40.011203354,35.57337434601264,3.077324677740867,0.59509541168251,110.5,109.62,109.62,Indian Basket,3.31,30.1,0.95,28.98330804248861,12.436541541,26.665937808,4.318601759,18.951104287,8.117939782,31.80499484444597,63252.250277526,88698.56,7.4,42.09657854079343,,,0.08,0.01,,,,,,,,,,,,,0,No Crisis,,-6508.71,-2585.036666666665,72.69,65.78,688.03,10664.39,74622.0,,,,,,,,,,
2011-12-31,2011-12,2011,12,Dec,2011-12,Q3,52.68,0,3.58,16.65,2.1463504966676448,296.69,-3.64,-0.2152490498772308,321.98,-7.85,0,7.397424995083765,7.409089189807357,25.365693663,40.044058372,-14.678364709,14.678364709,161.55691861399998,40.107199491333326,27.079214537099627,8.635312526231909,0.633444628098346,107.91,107.19,107.19,Indian Basket,-2.22,19.41,-2.35,17.549019607843142,11.678716375,28.365341997,4.42634654,20.939347123,7.252369835,29.16466724353321,61523.4778635,87317.04,-1.56,36.90412466662589,,,0.07,-0.01,-12.812299503,-19.953939632,-48.703916651,28.749977019000003,16.167222171,16.410018375,7.680140065,4.963136465,1.898281492,-12.812300587,-14.79000000000002,-1.9776994130000207,0,No Crisis,,-2387.14,-2351.126666666665,72.69,65.78,688.03,10664.39,74622.0,,,,,,,182.44818283,,8.97,26620.3
2012-01-31,2012-01,2012,1,Jan,2011-12,Q4,51.34,0,-2.54,13.1,2.414133102453887,292.77,-1.32,-2.1556045718869155,321.98,-9.07,0,7.1934245916381165,6.816138967222789,25.379050518,42.952469339,-17.573418821,17.573418821,168.468537435,40.69966902,28.779110317926705,11.842385875073802,0.5908635966350907,111.16,110.47,110.47,Indian Basket,3.06,17.68,3.01,15.442932807145082,14.871228676,28.081240663,4.502124309,20.876926209,10.369104367000002,34.62252323290111,76348.88802258401,85684.98,-1.87,36.24744073867008,,,0.08,0.01,,,,,,,,,,,,,0,No Crisis,,9469.14,191.09666666666817,72.69,65.78,688.03,10664.39,74622.0,,,,,,,,,,
2012-02-29,2012-02,2012,2,Feb,2011-12,Q4,49.17,0,-4.23,8.21,2.853623294881597,295.82,1.04,-1.913193408269498,321.98,-8.12,0,7.208378646028831,7.373648833374085,25.194420517,40.118536519,-14.924116002,14.924116002,173.66275343700002,41.038354743333336,21.66939569167876,8.393402529739479,0.6279994910848258,119.7,117.67,117.67,Indian Basket,6.52,15.79,7.69,15.140438630242414,13.121004016,26.997532503,3.913483084,21.280937433,9.207520932,32.70558987062237,64515.97674667201,87292.56,1.88,38.05361966164964,,,0.1,0.02,,,,,,,,,,,,,0,No Crisis,,23236.38,10106.126666666669,72.69,65.78,688.03,10664.39,74622.0,,,,,,,,,,
2012-03-31,2012-03,2012,3,Mar,2011-12,Q4,50.32,0,2.35,11.85,2.8375325388602866,294.4,-0.48,-3.418410865428778,321.98,-8.57,0,7.040159911426805,6.946559860162729,28.83937,42.38069,-13.54132,13.54132,183.355573437,41.817231952666674,23.677853328275013,-5.191347370843413,0.6804837297363492,124.93,123.61,123.61,Indian Basket,5.05,11.65,4.37,9.166375393219164,15.97239,26.4083,5.29724,23.54213,10.67515,37.68789512393498,80373.06648,85990.6,-1.49,32.73138728877776,,,0.13,0.03,-5.7375582320000005,-21.767952584,-51.518480483,29.750527898,17.521139878000003,16.802825282999997,16.585535209000003,1.356408918,13.925951659,-5.7375582320000005,-2.2900000000000205,3.44755823199998,0,No Crisis,93726.0,6526.73,13077.416666666666,72.69,65.78,688.03,10664.39,74622.0,,,,,,,212.48566285,,9.18,27023.1
2012-04-30,2012-04,2012,4,Apr,2012-13,Q1,51.81,0,2.96,16.77,2.786200845509014,294.85,0.15,-5.951963254760607,321.98,-8.43,0,7.330306323699018,7.724442894426672,23.79185609,38.171037579,-14.379181489,14.379181489,184.608418122,40.223421366,4.304246473216522,1.3734040086512689,0.6232960275381463,120.46,117.97,117.97,Indian Basket,-4.56,-0.56,-3.57,-2.120744291866417,13.55350209,24.617535489,4.6924596670000005,19.099396423,8.861042423,35.50729283150672,70220.69432829,88565.75,2.99,33.15030364296388,,,0.14,0.01,,,,,,,,,,,,,0,No Crisis,,-1663.36,9366.583333333334,72.69,65.78,688.03,10664.39,74622.0,,,,,,,,,,
2012-05-31,2012-05,2012,5,May,2012-13,Q1,54.47,0,5.14,21.31,2.9930996399293903,286.02,-2.99,-8.185670261941446,321.98,-11.17,1,6.990929196424268,6.779762059436281,24.821435239,42.18732125,-17.365886010999997,17.365886010999997,183.241991601,40.91301627633334,-6.777086285464195,-6.411647020156841,0.5883624393193725,110.52,108.05,108.05,Indian Basket,-8.41,-2.48,-8.25,-3.4422505678839754,14.577933579,27.609387671,4.394166093,20.427269146,10.183767486,34.55524822875545,79406.004204813,89612.48,1.18,30.12947677083948,,,0.16,0.02,,,,,,,,,,,,,0,No Crisis,,-2756.26,702.3700000000011,72.69,65.78,688.03,10664.39,74622.0,,,,,,,,,,
2012-06-30,2012-06,2012,6,Jun,2012-13,Q1,56.03,0,2.86,24.92,2.9555406365917967,289.74,1.3,-8.225903519052292,321.98,-10.01,1,7.460108636835679,8.013303915384883,24.924263172,36.157370675,-11.233107503,11.233107503,180.161761636,38.83857650133333,-11.486316280798093,-6.074243698390214,0.6893273129849894,95.59,94.51,94.51,Indian Basket,-12.53,-14.07,-13.51,-15.97222222222222,11.228003538,24.929367137,4.181847166,20.742416006,7.046156372000001,31.05315272762156,62910.503823414016,92760.65,3.51,33.85703545397216,,,0.16,0.0,0.5217737929999999,-17.093424910000003,-43.84938434,26.75595943,14.98125147,16.66391217,16.53548593,3.821004481,-1.922157366,0.5217737929999999,-4.659999999999968,-5.181773792999968,0,No Crisis,,2794.68,-541.6466666666655,72.69,65.78,688.03,10664.39,74622.0,,,,,,,191.47671908,,8.88,25760.2
2012-07-31,2012-07,2012,7,Jul,2012-13,Q2,55.49,0,-0.96,24.94,2.954655289333744,288.77,-0.33,-9.502021373280268,321.98,-10.31,1,7.282110605494146,7.109156786844142,23.099875455000003,40.619444564,-17.519569109,17.519569109,183.001985642,39.654712163,-1.1833722049804596,-12.58833049189554,0.5686900868032264,103.14,100.34,100.34,Indian Basket,6.17,-10.83,7.9,-11.43740340030911,13.816889468,26.802555096,4.144325117999999,18.955550337,9.67256435,34.01545643055288,76669.919657932,91565.28,-1.29,30.06239680550176,,,0.16,0.0,,,,,,,,,,,,,0,No Crisis,,5902.95,1980.456666666668,72.69,65.78,688.03,10664.39,74622.0,,,,,,,,,,
2012-08-31,2012-08,2012,8,Aug,2012-13,Q2,55.56,0,0.12,22.71,2.9995327919022587,290.46,0.58,-9.789427914777328,321.98,-9.79,0,7.63805074690181,7.7856147902714,23.134474792,37.307265749,-14.172790957,14.172790957,181.958440524,38.028026996,-6.696118530790662,-6.596631820462317,0.6201064143281557,113.34,110.07,110.07,Indian Basket,9.7,2.93,9.89,2.96148255813955,12.805697244,24.501568505,4.596071933999999,18.538402858,8.209625310000002,34.32494176913314,71148.453887664,93698.6,2.33,16.045463254342394,,,0.13,-0.03,,,,,,,,,,,,,0,No Crisis,,7747.11,5481.580000000002,72.69,65.78,688.03,10664.39,74622.0,,,,,,,,,,
2012-09-30,2012-09,2012,9,Sep,2012-13,Q2,54.61,0,-1.72,14.64,2.94307353258151,294.81,1.5,-5.351868498780021,321.98,-8.44,0,7.371591709734371,7.010697879128728,24.902002444,42.051448384,-17.14944594,17.14944594,185.913013634,39.99271956566667,5.773655258956612,-6.246686389469969,0.5921794230867651,113.38,111.77,111.77,Indian Basket,1.54,2.74,0.04,2.254689754689765,14.0295372,28.021911184,5.467327643,19.434674801,8.562209557,33.362791863640176,76615.30264919999,98380.3,5.0,15.347191290387377,,,0.14,0.01,-0.157898238,-21.1289732,-47.793077,26.6641038,16.32785573,15.917571250000002,20.74517403,8.159185085,7.717826545,-0.157898238,5.069999999999993,5.227898237999993,0,No Crisis,,20807.81,11485.95666666667,72.69,65.78,688.03,10664.39,74622.0,,,,,,,232.04073814000003,,9.54,28132.9
2012-10-31,2012-10,2012,10,Oct,2012-13,Q3,53.02,0,-2.9,7.65,3.0703433575633405,295.25,0.15,-6.628506372347487,321.98,-8.3,0,7.166119149291739,6.673258621755957,24.032900826,44.243752076,-20.21085125,20.21085125,188.580825094,41.20082206966666,7.452791245186985,1.6963418559404977,0.5431930995526176,111.97,109.79,109.79,Indian Basket,-1.77,3.47,-1.24,2.283730702475561,14.957655071,29.286097005,6.15654612,17.876354705999997,8.801108951,33.80738379807026,79305.48718644201,96399.53,-2.01,16.722434996850044,,,0.16,0.02,,,,,,,,,,,,,0,No Crisis,,8442.93,12332.616666666669,72.69,65.78,688.03,10664.39,74622.0,,,,,,,,,,
2012-11-30,2012-11,2012,11,Nov,2012-13,Q3,54.78,0,3.3,7.71,3.074210418460273,294.51,-0.25,-4.342601013381842,321.98,-8.53,0,6.970694506797958,7.280119479093176,23.250938695,40.4540064,-17.203067705000002,17.203067705000002,189.951119496,42.24973562,3.456371753149612,-0.0806514313627215,0.5747499633311969,109.71,107.87,107.87,Indian Basket,-1.75,-1.6,-2.02,-0.7149321266968434,13.107041394,27.346965006,5.383394351,17.867544344000002,7.723647043,32.399859891256654,71800.372756332,98154.8,1.82,10.661097542057064,,,0.16,0.0,,,,,,,,,,,,,0,No Crisis,,6291.51,11847.41666666667,72.69,65.78,688.03,10664.39,74622.0,,,,,,,,,,
2012-12-31,2012-12,2012,12,Dec,2012-13,Q3,54.65,0,-0.23,3.74,2.9393860160780423,295.64,0.38,-0.3539047490646818,321.98,-8.18,0,6.9427129507580165,6.867272020430409,25.457539516,43.050573666,-17.59303415,17.59303415,192.865788937,42.58277738066666,7.508018458244581,0.3620868966574875,0.5913403085753901,109.68,107.28,107.28,Indian Basket,-0.55,0.08,-0.03,1.6402557686961527,13.75558851,29.294985156,5.737654017,19.719885499,8.017934492999998,31.95216076961068,75174.29120715,95811.9,-2.39,9.728753975169102,,,0.16,0.0,0.781419524,-31.76988643,-58.37770655,26.60782012,16.64605821,15.76160499,31.47024265,2.105677751,9.781420399,0.781419524,0.8299999999999841,0.048580475999984,0,No Crisis,,14366.49,9700.31,72.69,65.78,688.03,10664.39,74622.0,,,,,,,278.14804883,,9.37,27803.1
2013-01-31,2013-01,2013,1,Jan,2012-13,Q4,54.32,0,-0.61,5.8,2.8173983270622784,295.51,-0.04,0.9358882399153056,321.98,-8.22,0,6.912015482630257,6.602884698382314,25.775191177,44.754681249,-18.979490072,18.979490072,194.271860188,42.753087105,4.195828406921476,1.5608962940478754,0.5759216792003389,112.97,109.55,109.55,Indian Basket,2.12,-0.83,3.01,1.628283555235699,14.66622478,30.088456469,5.150303777,20.6248874,9.515921003,32.77025859798231,79666.93300496001,94848.31,-1.01,10.694208016387474,104.6,,0.14,-0.02,,,,,,,,,,,,,1,2013 Taper,,19197.88,13285.293333333337,72.69,65.78,688.03,10664.39,74622.0,,,,,,-4.929577464788726,,,,
2013-02-28,2013-02,2013,2,Feb,2012-13,Q4,53.77,0,-1.0,9.37,2.454674421415497,290.91,-1.56,-1.65979311743627,321.98,-9.65,0,6.786537305498698,7.1315471493300535,26.66877,40.79199,-14.12322,14.12322,193.470964186,42.86574830499999,1.6786591422173425,5.85188884183776,0.6537746748810245,116.52,112.68,112.68,Indian Basket,2.86,-4.24,3.14,-2.656641604010035,14.134247462,26.657742538,5.47855,21.19022,8.655697462,34.6495659123274,75999.848603174,93051.62,-1.89,6.59742365214171,105.3,,0.15,0.01,,,,,,,,,,,,,1,2013 Taper,,9533.03,14365.8,72.69,65.78,688.03,10664.39,74622.0,,,,,,-4.577464788732389,,,,
2013-03-31,2013-03,2013,3,Mar,2012-13,Q4,54.4,0,1.17,8.11,2.409093096053894,292.05,0.39,-0.7982336956521618,321.98,-9.3,0,6.926390225697936,7.132253047111945,30.54141,40.94779,-10.40638,10.40638,190.336024186,42.164820416333335,-3.381020931938583,5.901793277731104,0.7458622309042808,109.24,106.45,106.45,Indian Basket,-5.53,-13.88,-6.25,-12.559033058512782,13.40824,27.53955,5.47717,25.06424,7.931069999999999,32.74472199842776,72940.8256,91634.48,-1.52,6.563368554237314,105.5,,0.14,-0.01,2.680673085,-18.17046836,-45.63534189000001,27.46487353,16.95950166,15.69045028,20.5492422,5.7334812,11.31418362,2.680673085,-3.589999999999975,-6.270673084999975,1,2013 Taper,168365.0,9423.07,12717.993333333334,72.69,65.78,688.03,10664.39,74622.0,,,,,,-4.986876640419946,235.28557587,,8.98,26292.3
2013-04-30,2013-04,2013,4,Apr,2013-14,Q1,54.38,0,-0.05,4.95,2.3042542999391085,293.89,0.63,-0.3255892826861228,321.98,-8.72,0,7.149626605404956,7.068546150559932,24.524539576,41.577149493,-17.052609917,17.052609917,193.009452614,41.10564316433334,8.923288781319094,3.079555807787337,0.5898562040701947,102.88,101.57,101.57,Indian Basket,-4.58,-13.9,-5.83,-14.594056118213516,12.823154814,28.753994679,5.123281926,19.40125765,7.699872887999999,30.841832521873407,69732.315878532,86596.62,-5.5,-2.2233538359919147,106.1,,0.15,0.01,,,,,,,,,,,,,1,2013 Taper,,4641.57,7865.890000000002,72.69,65.78,688.03,10664.39,74622.0,,,,,,-4.820333041191938,,,,
2013-05-31,2013-05,2013,5,May,2013-14,Q1,55.01,0,1.17,0.99,1.7946661291592674,287.9,-2.04,0.6572966925389778,321.98,-10.58,1,6.827018342340224,6.545101031017032,24.922939445,43.987097928,-19.064158483,19.064158483,194.707725086,42.17067914033333,4.266155386673187,0.408937698495837,0.5665965844301653,103.03,101.1,101.1,Indian Basket,-0.46,-6.43,0.15,-6.777053926891052,14.114168842,29.872929086,4.637838581,20.285100864,9.476330261,32.08706531424893,77642.042799842,83122.3,-4.01,-7.242495688100581,106.9,,0.11,-0.04,,,,,,,,,,,,,1,2013 Taper,,14465.9,9510.18,72.69,65.78,688.03,10664.39,74622.0,,,,,,-5.400696864111499,,,,
2013-06-30,2013-06,2013,6,Jun,2013-14,Q1,58.4,0,6.16,4.22,2.4055823650732697,282.45,-1.89,-2.5160488714019547,321.98,-12.28,1,7.010505412512362,8.000429133218216,23.998411409,35.304356216,-11.305944807,11.305944807,194.78056239,40.28953454566667,-2.359171707111396,-3.71466051618371,0.679757797088051,103.11,101.11,101.11,Indian Basket,0.01,6.98,0.08,7.866931687414991,12.031108607,23.273247609,4.439469584,19.558941825,7.591639023,34.07825519715178,70261.67426488,84442.46,1.59,-8.967369245472067,109.3,,0.09,-0.02,-0.345968518,-21.767871139,-50.483770105000005,28.715898965,16.894917356,16.657529274,20.53450072,6.487772584,-0.22462223,-0.345968518,-9.600000000000025,-9.254031482000023,1,2013 Taper,,-11425.41,2560.686666666668,72.69,65.78,688.03,10664.39,74622.0,,,,,,-4.4270833333333375,320.92867528,,8.02,22836.0
2013-07-31,2013-07,2013,7,Jul,2013-14,Q2,59.78,0,2.36,7.71,2.4294074286840908,277.57,-1.73,-3.878519236762823,321.98,-13.79,1,7.079789607664252,7.242257391126001,25.835082274,38.32644782,-12.491365546,12.491365546,189.752358827,39.20596732133333,-5.64507163653396,11.840786000462876,0.6740797476284355,107.72,104.86,104.86,Indian Basket,3.71,4.5,4.47,4.440566220670927,12.731674939,25.594772881,5.652501015,20.182581259,7.079173924000002,33.21903193010283,76109.95278534201,83635.88,-0.96,-8.65983263525213,111.0,,0.09,0.0,,,,,,,,,,,,,1,2013 Taper,,-414.48,875.3366666666678,72.69,65.78,688.03,10664.39,74622.0,,,,,,-4.712939160239927,,,,
2013-08-31,2013-08,2013,8,Aug,2013-14,Q2,63.21,0,5.74,13.77,2.8275510069616225,275.49,-0.75,-5.1538938235901615,321.98,-14.44,1,7.468766460184113,7.440442587179903,26.337977496,37.026023220000006,-10.688045724,10.688045724,186.267613594,36.885609085333336,-0.7538545732409418,13.847311135447882,0.7113369248300276,110.96,108.45,108.45,Indian Basket,3.42,-1.47,3.02,-2.0998764778542567,15.099359829,21.926663391,5.882959079,20.455018417,9.216400750000002,40.780398530198944,95443.053479109,94455.16,12.94,0.8074400257848113,112.4,,0.08,-0.01,,,,,,,,,,,,,1,2013 Taper,,-7470.47,-6436.786666666666,72.69,65.78,688.03,10664.39,74622.0,,,,,,-3.668941979522178,,,,
2013-09-30,2013-09,2013,9,Sep,2013-14,Q2,63.75,0,0.86,16.75,2.686909202151433,277.23,0.63,-5.963162714968961,321.98,-13.9,1,7.587670623817443,8.092358812530417,28.135901695,34.258243662,-6.1223419670000006,6.1223419670000006,175.240509621,36.53690490066666,-18.53254768024878,12.9865028255155,0.8212885042384401,111.62,109.47,109.47,Indian Basket,0.94,-2.06,0.59,-1.5523019932968674,13.212972376,21.045271286,6.948505029,21.187396666,6.264467347,38.56873839290285,84232.698897,94602.22,0.16,-3.8402810318732494,113.7,,0.08,0.0,-10.354826242,-5.129195916,-33.305387872,28.176191956,18.418677044,16.086373842,-4.771384069,8.10053606,-6.601610401,-10.354825198,-5.21999999999997,5.13482519800003,1,2013 Taper,,11176.05,1097.033333333334,72.69,65.78,688.03,10664.39,74622.0,,,,,,-1.8041237113402109,196.9304896,,7.86,21724.1
2013-10-31,2013-10,2013,10,Oct,2013-14,Q3,61.62,0,-3.35,16.2,2.7536367137869044,281.54,1.55,-4.6435224386113365,321.98,-12.56,1,7.723349794135335,7.394350015488015,27.480129706,38.075016656,-10.59488695,10.59488695,165.62454532100003,36.45309451266667,-13.942613658542369,14.34379022723138,0.7217365117467277,109.48,107.37,107.37,Indian Basket,-1.92,-2.2,-1.92,-2.2238099490935026,15.293599687,22.781416969,5.636821197000001,21.843308509,9.65677849,40.16702034610923,94239.161271294,95292.9,0.73,-1.1479620284455816,114.8,,0.09,0.01,,,,,,,,,,,,,1,2013 Taper,,17555.56,7087.046666666668,72.69,65.78,688.03,10664.39,74622.0,,,,,,-0.865051903114189,,,,
2013-11-30,2013-11,2013,11,Nov,2013-14,Q3,62.63,0,1.65,14.34,2.68465829324984,290.68,3.24,-1.300465179450605,321.98,-9.72,0,8.218560217238883,8.606896705821093,24.201832772000003,33.77291606199999,-9.57108329,9.57108329,157.992560906,35.36872546,-16.51527483319922,4.089701880313701,0.7166047707450109,108.08,106.55,106.55,Indian Basket,-0.76,-1.22,-1.28,-1.4857351198614532,12.979040305,20.793875757,4.85049481,19.351337962,8.128545495000001,38.430321744125386,81287.72943021501,95844.37,0.58,-2.3538634891008936,116.3,,0.08,-0.01,,,,,,,,,,,,,1,2013 Taper,,6956.37,11895.993333333334,72.69,65.78,688.03,10664.39,74622.0,,,,,,0.1752848378615334,,,,
2013-12-31,2013-12,2013,12,Dec,2013-14,Q3,61.91,0,-1.15,13.29,2.740389681424997,293.88,1.1,-0.5953186307671499,321.98,-8.73,0,8.131108066967082,8.033877734140948,26.39305908,36.580093664,-10.187034584,10.187034584,150.58656134,36.14267546066667,-15.029950709135797,3.67482318317538,0.7215142564267,110.67,108.72,108.72,Indian Basket,2.04,1.34,2.4,0.9026258205689252,13.923482717,22.656610947,4.876010527,21.517048553,9.04747219,38.063004553492114,86200.28150094699,92848.02,-3.13,-3.09343620155742,114.5,,0.09,0.01,19.102827467,-4.056034013,-33.151976319,29.095942307,18.168037835,16.379833195,23.765696718,6.066295488,2.390042691,19.102827467,16.649999999999977,-2.452827467000024,1,2013 Taper,,13465.99,12659.30666666667,72.69,65.78,688.03,10664.39,74622.0,,,,,,1.1596788581623718,203.53406641,,6.97,20603.1
2014-01-31,2014-01,2014,1,Jan,2013-14,Q4,62.08,0,0.27,14.29,2.702591769529254,291.07,-0.95,-1.5024872254746025,321.98,-9.6,0,8.183837384918382,8.008237542048775,26.891577111,36.346324453,-9.454747342,9.454747342,141.06181861,35.56644472633334,-18.787658768517936,4.331242109258082,0.7398706063325308,107.42,105.29,105.29,Indian Basket,-3.15,-3.89,-2.94,-4.912808710277061,13.187757275,23.158567178,4.652883353999999,22.238693757,8.534873920999999,36.28360631637813,81869.59716319999,92009.47,-0.9,-2.993031715588812,113.6,8.6,0.07,-0.02,,,,,,,,,,,,,1,2013 Taper,,-1265.88,6385.493333333335,72.69,65.78,688.03,10664.39,74622.0,9.66,6.35,7.27,8.66,8.56,2.52707581227436,,,,
2014-02-28,2014-02,2014,2,Feb,2013-14,Q4,62.25,0,0.29,15.77,2.633973838484007,294.36,1.13,1.1859337939568837,321.98,-8.58,0,8.284676750040799,8.743656348997714,25.353240000000003,33.66555,-8.31231,8.31231,135.25090861,35.530656039,-17.470194516129254,-4.932848421580749,0.7530915134313861,108.81,106.19,106.19,Indian Basket,0.85,-5.76,1.29,-6.616889804325432,13.70689,19.95866,4.63521,20.71803,9.07168,40.71488509767403,85325.39025,94003.23,2.17,1.0226689229053676,113.6,7.88,0.07,0.0,,,,,,,,,,,,,1,2013 Taper,,1419.9,4540.003333333335,72.69,65.78,688.03,10664.39,74622.0,8.16,6.04,6.62,7.75,8.02,3.649635036496357,,,,
2014-03-31,2014-03,2014,3,Mar,2013-14,Q4,61.01,0,-1.99,12.15,2.796723190818247,304.22,3.35,4.167094675569261,321.98,-5.52,0,8.199533337299668,7.367089919567904,30.34103,41.29446,-10.95343,10.95343,135.79795861000002,37.102111484333335,0.8466146768848937,-0.656092826100696,0.7347481962471479,107.4,105.3,105.3,Indian Basket,-0.84,-1.08,-1.3,-1.6843647015745034,15.66712,25.62734,5.8434,24.49763,9.823720000000002,37.94000454298228,95585.09912,92628.02,-1.46,1.0842425253027033,114.2,8.25,0.08,0.01,7.106403375,-1.342954753,-30.667999582,29.325044829,19.583990625,16.15221424,9.258530408,0.909540684,9.258066465,7.106403375,10.340000000000032,3.233596625000032,1,2013 Taper,51650.0,25376.45,8510.156666666668,72.69,65.78,688.03,10664.39,74622.0,8.61,6.03,5.99,8.11,8.29,4.003639672429471,166.22318894,,6.91,20978.0
2014-04-30,2014-04,2014,4,Apr,2014-15,Q1,60.36,0,-1.08,11.0,2.8471180271646714,310.99,2.22,5.818503521725815,321.98,-3.41,0,8.423678742322862,8.687930009127578,25.827540375,35.795638279,-9.968097904,9.968097904,128.713446597,36.918549426333335,-13.905501662574016,5.313048976769119,0.7215275831567468,107.79,105.56,105.56,Indian Basket,0.25,3.93,0.36,4.772550544323484,12.964928842,22.830709437000003,5.22248921,20.605051165,7.742439631999999,36.21929783999983,78256.310490312,90945.88,-1.82,5.0224362105588005,115.1,8.48,0.09,0.01,,,,,,,,,,,,,0,No Crisis,,6283.17,11026.506666666668,72.69,65.78,688.03,10664.39,74622.0,9.19,5.63,6.21,8.46,8.51,3.539019963702361,,,,
2014-05-31,2014-05,2014,5,May,2014-15,Q1,59.3,0,-1.74,7.81,2.945273049028448,312.21,0.39,8.443904133379654,321.98,-3.03,0,8.064041702428806,7.993321947342522,28.019237643,39.058854636,-11.039616993,11.039616993,120.688905107,38.71631763833334,-11.203838225624176,12.423487224823203,0.7173594285884426,109.68,106.85,106.85,Indian Basket,1.22,5.69,1.75,6.454430748325746,14.266224474,24.792630162,5.959091689,22.060145954,8.307132785,36.52494320929478,84598.71113082001,89359.98,-1.74,7.504219685932645,115.8,8.33,0.09,0.0,,,,,,,,,,,,,0,No Crisis,,11802.81,14487.47666666667,72.69,65.78,688.03,10664.39,74622.0,8.88,4.75,7.02,8.21,8.44,3.052064631956908,,,,
2014-06-30,2014-06,2014,6,Jun,2014-15,Q1,59.73,0,0.72,2.28,2.389353278799325,316.14,1.26,11.92777482740308,321.98,-1.81,0,8.37775914914055,8.243032548988719,25.926627001,38.352390109,-12.425763108,12.425763108,121.808723408,37.73562767466667,8.633591487553094,8.034763464705307,0.6760107239031213,111.87,109.05,109.05,Indian Basket,2.06,7.85,2.0,8.495781204538844,13.185436468,25.166953641,5.6078904540000005,20.318736547,7.577546014,34.37969949337219,78756.61202336401,85124.0,-4.74,0.8071058090917793,116.7,6.77,0.1,0.01,11.178853659,-7.481646936,-35.092771265,27.611124329,17.570033379,16.451556371,18.803979389,7.592492763,12.439802873,11.178853659,11.91999999999996,0.7411463409999595,0,No Crisis,,7331.91,8472.630000000001,72.69,65.78,688.03,10664.39,74622.0,7.31,4.52,6.37,7.44,6.11,3.0411449016100267,204.8958092,,6.58,20790.4
2014-07-31,2014-07,2014,7,Jul,2014-15,Q2,60.06,0,0.55,0.47,2.2969800661395428,319.81,1.16,15.217782901610398,321.98,-0.67,0,8.166803938017642,7.981680132695088,25.815699795,40.068005067,-14.252305272,14.252305272,123.569663134,39.15974993733334,4.544009022644668,-0.0750238717819207,0.6442971081747667,106.98,106.3,106.3,Indian Basket,-2.52,1.37,-4.37,-0.6869662086891881,14.574449721,25.493555346,5.343334445,20.47236535,9.231115276,36.37428341298558,87534.145024326,87040.68,2.25,4.07098006262383,119.2,7.39,0.09,-0.01,,,,,,,,,,,,,0,No Crisis,,6964.58,8699.766666666668,72.69,65.78,688.03,10664.39,74622.0,8.72,4.3,5.6,7.95,6.73,5.040504050405059,,,,
2014-08-31,2014-08,2014,8,Aug,2014-15,Q2,60.9,0,1.39,-3.66,1.5375058511837398,318.4,-0.44,15.575882972158684,321.98,-1.11,0,8.24207275694938,8.496833735660347,26.82530061,37.472782204000005,-10.647481594,10.647481594,123.529099004,38.63105912666666,1.2066080695338544,1.850267789445903,0.7158609271114262,101.92,101.89,101.89,Indian Basket,-4.15,-6.05,-4.73,-8.147080028839216,12.814767589,24.658014615,5.329158103,21.496142507,7.485609485999999,34.19753441107476,78041.93461700999,87296.17,0.29,-7.579247126361343,120.3,7.03,0.09,0.0,,,,,,,,,,,,,0,No Crisis,,2681.47,5659.320000000001,72.69,65.78,688.03,10664.39,74622.0,8.58,3.92,4.44,7.67,6.39,6.545454545454543,,,,
2014-09-30,2014-09,2014,9,Sep,2014-15,Q2,60.86,0,-0.05,-4.53,1.4970908658481803,313.84,-1.43,13.205641525087453,321.98,-2.53,0,7.788718155381247,7.241055375415215,28.889652138,43.341748368,-14.45209623,14.45209623,131.858853267,40.294178546333335,26.514799753367456,2.6789631666005898,0.6665548397519137,97.34,96.96,96.96,Indian Basket,-4.84,-11.43,-4.49,-12.793406199605805,14.573173567,28.768574801,6.167280782,22.722371356,8.405892784999999,33.623871015225674,88692.33432876201,83960.45,-3.82,-11.248964347771128,120.1,5.63,0.09,0.0,6.896812391,-10.962127304,-39.651887939,28.689760636,18.926212692,16.387476432,17.541123225,7.474681322999999,9.762205854,6.896812794000001,-2.300000000000012,-9.196812794000012,0,No Crisis,,1503.09,3716.380000000001,72.69,65.78,688.03,10664.39,74622.0,6.34,3.44,1.91,5.87,5.3,5.9144676979071775,235.27176145,,6.66,20933.1
2014-10-31,2014-10,2014,10,Oct,2014-15,Q3,61.34,0,0.78,-0.44,1.195035183962834,315.91,0.66,12.207856787667826,321.98,-1.89,0,7.8791495585451745,8.004052733818334,25.914721576,39.468755455,-13.554033879,13.554033879,134.818000196,40.09442867566667,3.6605073914796726,-5.696509247764602,0.656588262722053,87.27,86.83,86.83,Indian Basket,-10.45,-19.13,-10.35,-20.28681037632445,12.517244726,26.951510729,5.729964618,20.184756958,6.787280108000001,31.714313212311552,76780.77914928402,83916.62,-0.05,-11.938224148913513,120.1,4.62,0.09,0.0,,,,,,,,,,,,,0,No Crisis,,-1682.87,833.8966666666678,72.69,65.78,688.03,10664.39,74622.0,4.33,3.43,2.1,4.76,4.47,4.995458673932784,,,,
2014-11-30,2014-11,2014,11,Nov,2014-15,Q3,61.7,0,0.59,-1.48,1.0945138674592476,315.56,-0.11,8.559240401816437,321.98,-1.99,0,7.541284178255398,7.386273144989949,26.503044384,42.72249263,-16.219448246,16.219448246,141.466365152,41.844332151,26.499271047754537,9.50841877835944,0.6203534192990743,78.44,77.58,77.58,Indian Basket,-10.65,-27.19,-10.12,-27.424130273871206,11.699815567,31.022677063,4.687817098,21.815227286,7.011998469,27.38561082642523,72187.86204839,81128.22,-3.32,-15.354214337263627,120.1,3.27,0.09,0.0,,,,,,,,,,,,,0,No Crisis,,10945.59,3588.6033333333344,72.69,65.78,688.03,10664.39,74622.0,2.04,3.49,1.19,3.15,3.48,3.821656050955413,,,,
2014-12-31,2014-12,2014,12,Dec,2014-15,Q3,62.75,0,1.7,1.36,1.1576893784472977,320.65,1.61,9.109160201442768,321.98,-0.41,0,8.18510042973955,9.075015748234405,26.172793394,35.333272018,-9.160478624,9.160478624,140.43980919199998,39.174840034333336,-3.4084703485246948,-0.8345591366743621,0.7407407211159687,62.33,61.21,61.21,Indian Basket,-21.1,-43.7,-20.54,-43.67940724676968,9.963443238,25.36982878,4.522568234,21.65022516,5.440875004,28.1984731924184,62520.60631845,82822.06,2.09,-10.798248578698832,119.4,4.28,0.12,0.03,13.181676464,-7.708202169,-38.634720814,30.926518645,19.997326088,16.4282355,22.856363191,6.913451678,6.280249306,13.181676921,6.810000000000002,-6.371676920999999,0,No Crisis,,-3936.82,1775.300000000001,72.69,65.78,688.03,10664.39,74622.0,4.39,3.4,0.27,4.16,4.5,2.468007312614251,226.11965033,,5.94,18985.2
2015-01-31,2015-01,2015,1,Jan,2014-15,Q4,62.23,0,-0.84,0.24,1.1884775083604997,328.69,2.51,12.924726010925202,328.69,0.0,0,8.938178453246987,10.18708253035391,24.415169792,32.26537127,-7.850201478,7.850201478,138.835263328,36.77371197266667,-11.227966636013342,-9.208858628031248,0.7566988641689973,48.07,46.59,46.59,Indian Basket,-23.88,-55.75,-22.88,-55.2504189164029,8.241184196,24.024187074,3.022964779,21.392205013,5.218219417,25.54188553119972,51284.889251708,85144.43,2.8,-7.461231979708183,119.5,5.19,0.11,-0.01,,,,,,,,,,,,,0,No Crisis,,8540.76,5183.176666666667,72.69,65.78,688.03,10664.39,74622.0,6.3,3.83,-1.17,5.34,4.96,2.592592592592591,,,,
2015-02-28,2015-02,2015,2,Feb,2014-15,Q4,62.04,0,-0.3,-0.35,1.1887971384402092,337.73,2.75,14.733659464601168,337.73,0.0,0,10.518560016278409,11.757199463163396,22.008044543,28.725378102,-6.717333559,6.717333559,137.240286887,32.10800713,-14.674264635510191,-13.194350927139896,0.7661533458272458,57.93,56.43,56.43,Indian Basket,21.12,-46.86,20.51,-46.76040805073063,6.106331793000001,22.619046309,2.555520109,19.452524434,3.5508116840000006,21.257620252437505,37883.682443772006,84160.88,-1.16,-10.47022533161891,119.7,5.37,0.11,0.0,,,,,,,,,,,,,0,No Crisis,,6746.2,3783.380000000001,72.69,65.78,688.03,10664.39,74622.0,6.76,4.72,-2.16,5.79,4.95,2.334267040149385,,,,
2015-03-31,2015-03,2015,3,Mar,2014-15,Q4,62.45,0,0.66,2.35,1.0249242396244174,341.64,1.16,12.30030898691734,341.64,0.0,0,10.62980334148392,9.643024019122052,24.034177853000003,35.428720215,-11.394542362,11.394542362,137.68139924899998,32.13982319566667,-14.204665189955268,-20.786545964326187,0.6783812033612291,55.79,55.18,55.18,Indian Basket,-2.22,-47.6,-3.69,-48.05400372439479,7.418510681,28.010209534,2.646070443,21.38810741,4.772440238,20.93925672725573,46328.599202845005,81329.81,-3.36,-12.197399879647651,120.2,5.25,0.11,0.0,30.149009488,-0.706653666,-31.56035426,30.853700594000003,20.03560618,16.424692344,30.084644264,9.270755858,13.722502141,30.149009488,20.99000000000001,-9.159009487999992,0,No Crisis,277462.0,6580.67,7289.210000000002,72.69,65.78,688.03,10664.39,74622.0,6.29,5.16,-1.35,5.67,4.75,2.042711234911798,190.7471807,,5.81,19837.0
2015-04-30,2015-04,2015,4,Apr,2015-16,Q1,62.75,0,0.49,3.97,0.94391311554452,351.87,2.99,13.14511720634104,351.87,0.0,0,10.808964548826175,10.501542882400518,22.137213767,33.506505086,-11.369291319,11.369291319,139.082592664,32.553534467666665,-6.395005936639375,-14.288339324684918,0.6606840585188212,59.39,59.07,59.07,Indian Basket,7.05,-44.04,6.45,-44.902124501345206,7.483231923,26.023273163,2.748536083,19.388677684,4.7346958400000005,22.333668951127684,46957.280316825,82943.14,1.98,-8.79945303734485,120.7,4.87,0.12,0.01,,,,,,,,,,,,,0,No Crisis,,7864.36,7063.743333333335,72.69,65.78,688.03,10664.39,74622.0,5.44,5.51,-0.99,5.29,4.36,1.1009174311926715,,,,
2015-05-31,2015-05,2015,5,May,2015-16,Q1,63.8,0,1.67,7.58,0.7596689869258596,352.48,0.17,12.89836968706961,352.48,0.0,0,10.390183848874848,10.733985176117306,22.529080184,32.837757293,-10.308677109,10.308677109,138.35165278,33.92432753133334,-15.927495572965666,-19.59424281613743,0.6860724373769126,64.56,63.82,63.82,Indian Basket,8.04,-40.27,8.71,-41.13785557986871,8.563362754,24.274394539,2.5976,19.931356812,5.965762754,26.07779416113001,54634.25437052,84202.68,1.52,-5.771375508365162,121.6,5.01,0.12,0.0,,,,,,,,,,,,,0,No Crisis,,-4796.25,3216.2600000000007,72.69,65.78,688.03,10664.39,74622.0,5.13,5.96,0.63,5.52,4.41,0.9057971014492684,,,,
2015-06-30,2015-06,2015,6,Jun,2015-16,Q1,63.86,0,0.09,6.91,0.7732747169530244,356.0,1.0,12.608338078066694,356.0,0.0,0,10.692778288249016,10.615384037410443,22.323722676000003,33.53623371,-11.212511033999998,11.212511033999998,137.138400706,33.29349869633334,-12.557643435812391,-13.896540899288723,0.6656598015460337,62.34,61.75,61.75,Indian Basket,-3.24,-43.37,-3.44,-44.2746044515956,8.693072342999999,24.843161367,2.9926332980000003,19.331089378,5.700439044999999,25.92143297357764,55513.95998239799,82927.09,-1.51,-2.5808350171514505,123.0,5.4,0.13,0.01,11.429938637,-6.132475498,-34.175252736000004,28.042777238,17.751223432,16.152858178,18.63713298,10.002775868,0.223392287,11.429938637,14.360000000000014,2.9300613630000143,0,No Crisis,,-8192.92,-1708.2699999999988,72.69,65.78,688.03,10664.39,74622.0,5.73,5.83,0.98,6.07,4.55,0.0895255147717044,159.16469989,,5.44,19340.2
2015-07-31,2015-07,2015,7,Jul,2015-16,Q2,63.64,0,-0.35,5.95,0.8168393447621799,353.46,-0.71,10.521872361714756,356.0,-0.71,0,10.320395651124793,9.717896206586166,23.281205117000003,36.372069889,-13.090864772000002,13.090864772000002,135.976960206,34.248686964,-9.224155711819993,-9.817648555437886,0.6400846910293917,55.87,56.3,56.3,Indian Basket,-8.83,-47.04,-10.38,-47.77528510001869,9.486122296,26.885947593,3.195896143,20.085308974,6.290226152999999,26.080787606945865,60369.68229174399,79281.83,-4.4,-8.91405030383493,123.6,3.69,0.13,0.0,,,,,,,,,,,,,0,No Crisis,,2298.05,-3563.706666666665,72.69,65.78,688.03,10664.39,74622.0,2.81,5.44,-0.35,4.35,2.94,-0.6261180679785316,,,,
2015-08-31,2015-08,2015,8,Aug,2015-16,Q2,65.07,0,2.26,6.86,0.9345181873159208,351.44,-0.57,10.376884422110557,356.0,-1.28,0,10.148423066595502,10.342028308165926,21.582676479,33.981728683,-12.399052204,12.399052204,137.728530816,34.630010760666664,-9.31623785497132,-19.54358017164453,0.6351259137030643,46.99,47.33,47.33,Indian Basket,-15.93,-53.55,-15.89,-53.89521193092621,7.367750003,26.61397868,2.833255187,18.749421292,4.5344948160000005,21.681504410003296,47941.94926952099,80104.05,1.04,-8.238757782844308,124.8,3.74,0.14,0.01,,,,,,,,,,,,,0,No Crisis,,-19772.07,-8555.646666666666,72.69,65.78,688.03,10664.39,74622.0,2.92,5.79,-0.98,4.47,2.75,-1.0791366906474864,,,,
2015-09-30,2015-09,2015,9,Sep,2015-16,Q2,66.22,0,1.76,8.79,0.9726950221218356,350.29,-0.33,11.614198317614076,356.0,-1.6,0,10.263380164443111,10.934109404981788,21.87031423,32.036445496,-10.166131266,10.166131266,133.442565852,34.130081356,-26.084095122353,-24.29706621066274,0.682669812190328,47.24,46.1,46.1,Indian Basket,-2.6,-52.45,0.53,-51.46907746044791,6.677576429,25.358869067,2.587348635,19.282965595,4.0902277940000005,20.843687012136687,44218.911112838,81606.19,1.88,-2.804010697894066,125.4,4.41,0.14,0.0,-0.856181952,-8.558839801,-37.173155112,28.614315311,17.835356395999998,16.263195571,8.121360311,6.519436074000001,-3.369036485,-0.856181952,-5.70999999999998,-4.85381804799998,0,No Crisis,,-11279.32,-9584.446666666665,72.69,65.78,688.03,10664.39,74622.0,4.29,5.34,-0.63,5.05,3.61,-1.3464991023339312,271.17751859,,5.15,18035.3
2015-10-31,2015-10,2015,10,Oct,2015-16,Q3,65.06,0,-1.75,6.06,1.2028967561933976,354.18,1.11,12.1142097432813,356.0,-0.51,0,10.93524998868261,11.370754524248872,21.456110713,31.148328745,-9.692218032,9.692218032,129.580750005,32.38883430800001,-21.0810465495586,-17.204934461380393,0.6888366592202537,48.12,46.68,46.68,Indian Basket,1.26,-46.24,1.86,-44.8607768992781,6.868283204,24.280045541,2.5322762080000003,18.923834505,4.336006996,22.05024629163294,44685.050525224,82598.08,1.22,-1.5712501289970815,126.1,5.0,0.12,-0.02,,,,,,,,,,,,,0,No Crisis,,3026.66,-9341.576666666666,72.69,65.78,688.03,10664.39,74622.0,5.34,5.32,-0.36,5.54,4.28,-1.2556053811659251,,,,
2015-11-30,2015-11,2015,11,Nov,2015-16,Q3,66.12,0,1.63,7.15,1.2467667274704055,350.25,-1.11,10.993155025985546,356.0,-1.62,0,11.288533395935628,11.715455433857043,19.56091709,29.896404965,-10.335487875,10.335487875,123.696789634,31.02705973533333,-30.021861730027982,-26.193697574573704,0.6542899426503002,44.42,42.5,42.5,Indian Basket,-8.95,-45.22,-7.69,-43.37072921978582,6.457374189,23.439030776,2.3286669200000003,17.23225017,4.128707269,21.59916617586532,42696.158137668,79572.71,-3.66,-1.91734762577066,126.6,5.41,0.12,0.0,,,,,,,,,,,,,0,No Crisis,,-9029.81,-5760.823333333331,72.69,65.78,688.03,10664.39,74622.0,6.08,5.28,0.63,5.95,4.71,-1.787310098302053,,,,
2015-12-31,2015-12,2015,12,Dec,2015-16,Q3,66.6,0,0.72,6.12,1.1982436641968406,350.38,0.04,9.271791673163898,356.0,-1.58,0,11.048207691822892,10.276131051321096,22.593353382,34.096490036000006,-11.503136654,11.503136654,126.039447664,31.71374124866667,-3.500332438416509,-13.676186405156775,0.662629888242025,37.72,35.68,35.68,Indian Basket,-16.05,-41.71,-15.08,-39.48339483394834,6.670609842,27.425880194,2.557163748,20.036189634,4.113446094,19.563919438502285,44426.26154772,78409.07,-1.46,-5.328278480395188,126.1,5.61,0.24,0.12,4.056420338,-7.121280813,-33.975486815,26.854206002,18.012893327,15.249550517,10.915313471,10.702248691,0.5538598859999999,4.056420338,0.0899999999999749,-3.9664203380000247,0,No Crisis,,-2360.02,-2787.723333333332,72.69,65.78,688.03,10664.39,74622.0,6.31,5.45,1.27,6.32,4.73,-2.0590868397493245,236.14994354,,4.98,17543.8
2016-01-31,2016-01,2016,1,Jan,2015-16,Q4,67.25,0,0.99,8.08,1.1260103207449896,349.61,-0.22,6.364659709756926,356.0,-1.79,0,11.294814621269024,12.111257937464345,21.199025451,28.866530777,-7.667505326000001,7.667505326000001,125.856751512,30.953141926,-10.53401947418534,-13.172729775788072,0.7343807821856708,30.8,28.08,28.08,Indian Basket,-21.3,-39.73,-18.35,-35.92677345537757,5.054293566999999,23.81223721,2.087644736,19.111380715,2.966648830999999,17.50918254100389,33990.124238075,80714.77,2.94,-5.202524698327293,126.3,5.69,0.34,0.1,,,,,,,,,,,,,0,No Crisis,,-14356.01,-8581.946666666665,72.69,65.78,688.03,10664.39,74622.0,6.66,5.32,1.55,6.48,4.81,-4.085257548845467,,,,
2016-02-29,2016-02,2016,2,Feb,2015-16,Q4,68.24,0,1.47,9.99,1.105155960473312,348.42,-0.34,3.1652503479110417,356.0,-2.13,0,11.56491326444552,12.707256071387176,20.845724216,27.418979994,-6.573255778,6.573255778,125.712673731,30.127333602333337,-4.54788829362368,-5.281343032221808,0.7602662178010121,33.2,30.53,30.53,Indian Basket,8.73,-45.9,7.79,-42.689452787847394,4.800201182,22.618778812,1.933355219,18.912368997,2.8668459629999994,17.506855408371905,32756.572865967995,88131.11,9.19,4.717429285435215,126.0,5.26,0.38,0.04,,,,,,,,,,,,,0,No Crisis,,-12513.12,-9743.05,72.69,65.78,688.03,10664.39,74622.0,5.52,4.59,2.48,6.05,4.3,-5.221238938053108,,,,
2016-03-31,2016-03,2016,3,Mar,2015-16,Q4,67.02,0,-1.78,7.32,1.3345751792577671,360.18,3.37,5.426765015806123,360.18,0.0,0,12.925770297718604,13.188439999367048,22.911742382,27.310280823,-4.398538441,4.398538441,118.71666981,27.86526386466667,-22.91485366316668,-4.670163788689353,0.8389420281136155,39.07,36.42,36.42,Indian Basket,19.29,-34.0,17.68,-29.969528589352933,4.822593014,22.487687809,2.18822147,20.723520912,2.634371544,17.658525905521042,32321.018379828,90521.38,2.71,11.30160023735456,126.0,4.83,0.36,-0.02,3.274499581,-0.337997298,-24.754827389,24.416830092,16.077009958,14.961319699,3.454562048,8.796530443,-1.5380058120000002,3.274499581,9.800000000000011,6.525500419000011,0,No Crisis,-18176.0,24201.51,-889.2066666666664,72.69,65.78,688.03,10664.39,74622.0,5.19,3.47,0.91,5.7,3.95,-4.858657243816255,107.2390039,,5.44,19325.4
2016-04-30,2016-04,2016,4,Apr,2016-17,Q1,66.47,0,-0.82,5.92,1.3965311462420862,363.05,0.8,3.1773098019154844,363.05,0.0,0,13.54353581104341,14.132410396569536,20.863472334,25.689177558,-4.825705224,4.825705224,112.173083715,26.806146125,-23.33077564471594,-5.753847102921206,0.8121502639348916,42.25,39.88,39.88,Indian Basket,9.5,-32.49,8.14,-28.86007745411685,5.7160621140000005,19.973115444,2.048417456,18.815054878,3.667644658,22.250856809621496,37994.664871758,90817.49,0.33,9.493672412209154,127.3,5.47,0.37,0.01,,,,,,,,,,,,,0,No Crisis,,2936.28,4874.890000000001,72.69,65.78,688.03,10664.39,74622.0,6.29,3.03,1.82,6.17,4.68,-3.7102473498233257,,,,
2016-05-31,2016-05,2016,5,May,2016-17,Q1,66.91,0,0.66,4.87,1.3486176985972302,361.6,-0.4,2.587380844303233,363.05,-0.4,0,13.345522147111089,12.783603769263772,22.407028245000003,28.286233407,-5.879205162,5.879205162,107.743611768,27.095230596000004,-13.860641716144984,-0.5417528723017928,0.7921531270209674,47.13,45.01,45.01,Indian Basket,12.86,-29.47,11.55,-26.99814126394052,5.996330355,22.289903052000003,2.125141332,20.281886913,3.871189023,21.19875866369712,40121.446405305,92096.28,1.41,9.37452347122445,128.6,5.76,0.37,0.0,,,,,,,,,,,,,0,No Crisis,,38.39,9058.726666666667,72.69,65.78,688.03,10664.39,74622.0,7.2,2.94,0.71,6.45,4.89,-2.214348981399472,,,,
2016-06-30,2016-06,2016,6,Jun,2016-17,Q1,67.3,0,0.58,5.38,1.345572706727846,363.51,0.53,2.109550561797757,363.51,0.0,0,12.846022625316117,11.75760410811328,22.655583607,30.91701308,-8.261429473,8.261429473,104.792530207,28.29747468166667,-7.810121591617447,1.486584185874951,0.7327869464096368,48.48,46.96,46.96,Indian Basket,4.33,-23.95,2.86,-22.232916265640046,7.291360108,23.625652972,2.601028827,20.05455478,4.690331281000001,23.583649847199275,49070.85352684,92520.96,0.46,11.569042154982178,130.1,5.77,0.38,0.01,6.9691576340491,-0.4010725744978,-23.8354347041964,23.4343621296986,15.7450005059554,14.0016467727002,7.181558740899099,3.8813516655606,2.1034416106125,6.9691576340491,3.329999999999984,-3.639157634049116,0,No Crisis,,3957.95,2310.8733333333357,72.69,65.78,688.03,10664.39,74622.0,7.46,2.92,1.15,6.29,5.26,-0.8873114463176623,122.09527975,,5.63,20328.9
2016-07-31,2016-07,2016,7,Jul,2016-17,Q2,67.21,0,-0.13,5.61,1.3351776070711474,366.5,0.82,3.6892434787529016,366.5,0.0,0,12.422536440399568,12.506292321310916,21.692270863,29.305248157,-7.612977294,7.612977294,99.314642729,29.502831548,-19.42925369264512,-6.824965657983729,0.7402179550497502,45.07,43.52,43.52,Indian Basket,-7.33,-22.7,-7.03,-19.3305888670127,6.822748504,22.482499653,2.572937503,19.11933336,4.249811000999999,23.28166090745177,45855.692695384,96266.04,4.05,21.42257563933628,131.1,6.07,0.39,0.01,,,,,,,,,,,,,0,No Crisis,,10122.69,4706.343333333335,72.69,65.78,688.03,10664.39,74622.0,7.96,2.75,1.06,6.66,5.39,-1.843722563652339,,,,
2016-08-31,2016-08,2016,8,Aug,2016-17,Q2,66.94,0,-0.4,2.87,1.2266247728353308,366.8,0.08,4.370589574322792,366.8,0.0,0,12.29147548917045,12.51740467526178,21.597086255,29.303198987,-7.706112731999999,7.706112731999999,94.621703257,29.841820074666668,-13.767780149279227,0.0667654728273348,0.7370214516367745,46.14,44.38,44.38,Indian Basket,1.98,-6.23,2.37,-1.808895509682917,6.7894744330000005,22.513724554,2.488148651,19.108937604,4.301325782000001,23.16973800714409,45448.741854502005,96858.78,0.62,20.91620835650632,131.1,5.05,0.4,0.01,,,,,,,,,,,,,0,No Crisis,,8778.27,7619.636666666669,72.69,65.78,688.03,10664.39,74622.0,5.83,2.49,1.25,5.87,4.22,-3.1358885017421567,,,,
2016-09-30,2016-09,2016,9,Sep,2016-17,Q2,66.74,0,-0.3,0.79,1.135998759602393,371.99,1.42,6.19486711010877,371.99,0.0,0,12.338122927102832,11.68292634714006,22.769070768,31.840481481,-9.071410713,9.071410713,93.526982704,30.149642875,-0.61169087882883,4.109481594769049,0.7150981928959482,46.19,44.48,44.48,Indian Basket,0.23,-3.51,0.11,-2.222692633361567,6.911258111,24.92922337,2.574000486,20.195070282,4.337257625,21.70588442616397,46125.736632814,96731.5,-0.13,18.534513129457466,130.9,4.39,0.4,0.0,8.511507725209,-3.4667090479803,-25.612234372523,22.1455253245428,16.294479476927,13.901650316365,12.8349737145688,16.9996030694873,6.0502437989528,8.511507725209,8.480000000000018,-0.0315077252089821,0,No Crisis,,3329.62,7410.193333333335,72.69,65.78,688.03,10664.39,74622.0,4.12,3.07,2.7,5.04,3.64,-3.046127067014792,192.77924085,,5.75,21406.3
2016-10-31,2016-10,2016,10,Oct,2016-17,Q3,66.75,0,0.01,2.6,0.9825612017332604,366.21,-1.55,3.39657801118074,371.99,-1.55,0,11.48728670902558,10.616292887445317,23.360614495,34.495092014,-11.134477519,11.134477519,94.969242191,31.87959082733333,10.744599803086484,8.876276821437568,0.6772156017302108,49.73,49.25,49.25,Indian Basket,10.72,5.51,7.66,3.3458021612635003,7.261227439000001,27.233864575,2.775989352,20.584625143,4.485238087000001,21.05003064219396,48468.693155325,93426.73,-3.42,13.110050499963188,131.4,4.2,0.4,0.0,,,,,,,,,,,,,0,No Crisis,,-5770.19,2112.566666666669,72.69,65.78,688.03,10664.39,74622.0,3.71,2.9,3.41,4.78,3.54,-3.54671280276816,,,,
2016-11-30,2016-11,2016,11,Nov,2016-17,Q3,67.63,0,1.32,2.28,0.9454708623300588,361.12,-1.39,3.103497501784447,371.99,-2.92,0,10.85558922221696,10.791986571713046,20.06625774,33.461865209,-13.395607469,13.395607469,98.029361785,33.265812901333334,11.92605013269694,2.5834200292088605,0.5996754100426811,46.44,44.46,44.46,Indian Basket,-9.73,4.61,-6.62,4.54750112561908,6.8642522040000005,26.597613005,2.431040042,17.635217698,4.433212162,20.51365684825534,46422.937655652,92599.34,-0.89,16.3707255917261,131.2,3.63,0.41,0.01,,,,,,,,,,,,,0,No Crisis,,-19982.37,-7474.313333333332,72.69,65.78,688.03,10664.39,74622.0,2.56,2.8,3.77,4.13,3.13,-3.865979381443296,,,,
2016-12-31,2016-12,2016,12,Dec,2016-17,Q3,67.9,0,0.41,1.96,0.9339371693875504,358.9,-0.62,2.4316456418745247,371.99,-3.52,0,10.49830356921005,10.372091959356762,24.056477749000003,34.602469917,-10.545992168,10.545992168,97.072217299,34.18647571333333,1.483964714449404,6.475906175865265,0.695224294875586,54.07,52.74,52.74,Indian Basket,18.62,47.81,16.43,43.3457051961824,7.66700564,26.935464277,2.887439903,21.169037846,4.779565737,22.1573941351315,52058.9682956,86255.14,-6.85,10.006584697408073,130.4,3.41,0.54,0.13,-1.2418647811325,-7.975705100524,-33.273052809860204,25.2973477093361,17.7798518589052,13.8942574975828,6.0733674264726,9.7337937626406,-11.340889035271902,-1.2418647811325,-13.090000000000032,-11.848135218867531,0,No Crisis,,-11325.28,-12359.279999999995,72.69,65.78,688.03,10664.39,74622.0,1.98,3.77,4.04,3.83,2.9,-3.457216940363006,243.97205079,,5.55,19982.9
2017-01-31,2017-01,2017,1,Jan,2016-17,Q4,68.08,0,0.27,1.23,0.8987579813781366,362.95,1.13,3.8156803295100072,371.99,-2.43,0,10.85317568277447,11.250377613949588,22.356316704,32.261139355,-9.904822651,9.904822651,99.309534624,33.441824827000005,11.759669370122982,5.459171958989306,0.692979762989527,54.89,54.08,54.08,Indian Basket,2.54,92.59,1.52,78.21428571428571,8.173964337000001,24.087175018000003,2.746786025,19.609530679,5.427178312000001,25.33687433371184,55648.34920629601,89312.45,3.54,10.651929008779916,130.3,3.17,0.65,0.11,,,,,,,,,,,,,0,No Crisis,,-1901.32,-11069.656666666664,72.69,65.78,688.03,10664.39,74622.0,1.37,3.34,5.31,3.36,2.9,-2.931034482758621,,,,
2017-02-28,2017-02,2017,2,Feb,2016-17,Q4,67.08,0,-1.48,-1.7,0.8956443422915048,364.26,0.36,4.546237299810563,371.99,-2.08,0,10.80761432221768,10.635813816757176,24.384971731,34.248437052,-9.863465321,9.863465321,102.599744167,33.70401544133333,24.907772132641213,16.978290024020737,0.7120024687250945,55.49,54.86,54.86,Indian Basket,1.44,79.69,1.09,67.13855421686745,7.719839726999999,26.528597325,2.539546043,22.1872,5.180293684,22.540706646784585,51784.684888716,90979.32,1.87,3.2317872769332068,130.6,3.65,0.66,0.01,,,,,,,,,,,,,0,No Crisis,,8704.46,-1507.379999999998,72.69,65.78,688.03,10664.39,74622.0,2.39,3.9,5.39,3.67,3.55,-2.67011197243755,,,,
2017-03-31,2017-03,2017,3,Mar,2016-17,Q4,65.88,0,-1.79,-1.71,0.897313752093973,369.95,1.56,2.7125326225776014,371.99,-0.55,0,10.425409645027274,9.26109687026859,28.892798379,39.946672104,-11.053873725,11.053873725,109.255079451,35.48541617033334,46.26972297684309,26.10476277744313,0.7232842401434201,51.97,51.47,51.47,Indian Basket,-6.18,41.32,-6.34,33.017660609163045,9.750318865,30.196353239,3.754780562,25.5468,5.995538302999998,24.408338295654083,64235.10068261999,89427.88,-1.71,-1.2080019107088336,130.9,3.89,0.79,0.13,7.3115390175741,-2.5732235488081,-29.7217402219929,27.1485166731848,18.5252666126095,14.1855389287225,10.3571543204989,4.997432339891501,10.7987691181327,7.3115390175741,11.050000000000011,3.738460982425911,0,No Crisis,48411.0,26473.17,11092.103333333334,72.69,65.78,688.03,10664.39,74622.0,2.54,5.47,6.04,3.75,3.96,-2.665520206362848,160.79865733,,5.37,19869.0
2017-04-30,2017-04,2017,4,Apr,2017-18,Q1,64.51,0,-2.08,-2.95,1.0456790602138362,373.3,0.9,2.823302575402842,373.3,0.0,0,9.9080101053932,9.6125495156836,24.579014311,38.834650411000005,-14.2556361,14.2556361,118.685010327,37.67658652233334,51.17124837227927,17.80883794182715,0.632914524808956,52.98,52.49,52.49,Indian Basket,1.98,31.62,1.94,25.39644970414201,7.396225176,31.438425235,2.839386239,21.739628072,4.556838937,19.045427466768185,47713.048610376,90266.61,0.94,-0.6065791952629462,131.1,2.99,0.9,0.11,,,,,,,,,,,,,0,No Crisis,,-6627.56,9516.69,72.69,65.78,688.03,10664.39,74622.0,1.29,6.13,4.01,3.02,3.03,-3.4953111679454363,,,,
2017-05-31,2017-05,2017,5,May,2017-18,Q1,64.42,0,-0.13,-3.71,1.0077607941281566,380.1,1.82,5.116150442477885,380.1,0.0,0,9.741152937804324,9.929793178217396,23.94703531,38.278742888,-14.331707578,14.331707578,127.137512743,39.020021801000006,35.3264053832178,6.8728751004437205,0.6255961795837123,50.87,50.57,50.57,Indian Basket,-3.66,12.35,-3.98,7.935497559940585,7.734807685,30.543935203,2.435896474,21.511138836,5.298911211,20.20653527633161,49827.63110677,88522.21,-1.93,-3.8807973568530607,131.4,2.18,0.91,0.01,,,,,,,,,,,,,0,No Crisis,,-452.54,6464.356666666668,72.69,65.78,688.03,10664.39,74622.0,-0.22,5.46,3.46,2.3,2.13,-4.564666103127635,,,,
2017-06-30,2017-06,2017,6,Jun,2017-18,Q1,64.44,0,0.03,-4.24,0.9755973306211668,386.54,1.69,6.335451569420392,386.54,0.0,0,10.157099666352677,10.431513769184846,23.012651391,37.055024664,-14.042373273,14.042373273,132.918456543,38.056139321,19.85318429085452,1.576069679748504,0.6210399696038373,46.89,46.56,46.56,Indian Basket,-7.93,-0.85,-7.82,-3.279702970297027,7.677151442,29.377873222,2.17864517,20.834006221,5.498506272,20.718246746867155,49471.563892248,89653.41,1.28,-3.0993517576990204,132.0,1.46,1.04,0.13,11.4045658548436,-14.9789914132372,-41.9358511962865,26.956859783049303,18.3082651531277,14.4910479121308,26.94605319060189,7.143792978894,12.4515992694624,11.4045658548436,16.590000000000032,5.185434145156432,0,No Crisis,,-4051.43,-3710.509999999998,72.69,65.78,688.03,10664.39,74622.0,-1.17,4.46,2.01,1.52,1.41,-5.373635600335847,202.50730735,,5.26,20348.5
2017-07-31,2017-07,2017,7,Jul,2017-18,Q2,64.46,0,0.02,-4.09,0.9797062020954228,393.66,1.84,7.410641200545709,393.66,0.0,0,10.780400141587789,11.505465991829464,22.292633411,34.215041814,-11.922408403,11.922408403,137.227887652,36.51626978866667,16.75397400048024,2.76763346627773,0.6515448244134069,48.69,47.86,47.86,Indian Basket,2.79,9.97,3.84,8.031950299534053,7.691598036999999,26.523443777,2.667507318,19.625126093,5.024090719,22.48016553308077,49580.04094650199,87576.29,-2.32,-9.026807376723925,134.2,2.36,1.15,0.11,,,,,,,,,,,,,0,No Crisis,,1464.85,-1013.0399999999976,72.69,65.78,688.03,10664.39,74622.0,0.43,4.86,1.84,2.41,2.17,-5.004170141784825,,,,
2017-08-31,2017-08,2017,8,Aug,2017-18,Q2,63.97,0,-0.76,-4.44,0.9870832453918608,397.82,1.06,8.456924754634665,397.82,0.0,0,11.118431228303317,11.028921606493642,23.355109487,36.070616348,-12.715506861,12.715506861,142.23728178099998,35.78022760866667,23.094466116147537,8.14009450739217,0.6474829612467924,51.37,50.63,50.63,Indian Basket,5.79,14.08,5.5,11.335067186822712,7.80255183,28.268064518,2.898016906,20.457092581,4.904534924000001,21.631323830796216,49912.92405651,89859.87,2.61,-7.225891137592278,135.4,3.28,1.16,0.01,,,,,,,,,,,,,0,No Crisis,,-15995.63,-6194.069999999997,72.69,65.78,688.03,10664.39,74622.0,1.96,5.02,3.71,3.22,3.35,-4.412989175686921,,,,
2017-09-30,2017-09,2017,9,Sep,2017-18,Q2,64.44,0,0.74,-3.44,1.0384282995630116,400.21,0.6,7.586225436167626,400.21,0.0,0,11.091441562068804,10.542198578322584,28.567096732000003,37.962669459,-9.395572727,9.395572727,142.561443795,36.08277587366666,19.227686558864576,25.4644821612511,0.7525049512878094,55.16,54.52,54.52,Indian Basket,7.68,22.57,7.38,19.419787832864262,8.16909266,29.793576799,3.470955168,25.096141564,4.698137492000001,21.518751911855645,52641.63310104,93010.06,3.51,-3.847185249892748,135.2,3.28,1.15,-0.01,9.4985749000268,-6.9556603145652,-32.4546986970121,25.49903838244689,18.3770726024434,15.672366160575,16.8898694742556,12.411375399934998,2.0659085632775,9.4985749000269,13.66999999999996,4.171425099973058,0,No Crisis,,-23969.97,-12833.58333333333,72.69,65.78,688.03,10664.39,74622.0,1.76,5.56,3.5,3.15,3.44,-4.962779156327546,165.83549205,,5.18,20691.9
2017-10-31,2017-10,2017,10,Oct,2017-18,Q3,65.08,0,0.99,-2.5,1.100557709857719,399.22,-0.24,9.01395374238827,400.21,-0.25,0,10.73800169299418,10.64545985169589,22.888701041,37.501433058,-14.612732017,14.612732017,146.039698293,37.17823962166667,8.715271850209483,-2.020124316939542,0.6103420369456325,57.62,56.06,56.06,Indian Basket,2.82,13.83,4.46,15.865674643072602,9.309295088,28.19213797,3.043431823,19.845269218,6.265863265000001,24.82383826133304,60584.892432704,91861.16,-1.24,-1.6757195719040885,136.1,3.58,1.15,0.0,,,,,,,,,,,,,0,No Crisis,,-7826.53,-15930.709999999995,72.69,65.78,688.03,10664.39,74622.0,2.26,6.36,2.26,3.36,3.81,-5.245901639344264,,,,
2017-11-30,2017-11,2017,11,Nov,2017-18,Q3,64.86,0,-0.34,-4.09,0.9902463727718842,401.94,0.68,11.303721754541415,401.94,0.0,0,10.3190048292551,9.710996936314633,26.292657425,41.390189147,-15.097531722,15.097531722,147.741622546,38.951430554666665,23.69361028884776,31.02920218446272,0.63523888068305,62.57,61.32,61.32,Indian Basket,9.38,37.92,8.59,34.73298880275626,9.548486772,31.841702375,3.603018932,22.689638493,5.945467840000001,23.0694446408252,61931.485203192,91434.33,-0.46,-1.2581191183436036,137.6,4.88,1.16,0.01,,,,,,,,,,,,,0,No Crisis,,-13514.78,-15103.76,72.69,65.78,688.03,10664.39,74622.0,4.41,8.24,2.25,4.79,4.9,-4.2763157894736725,,,,
2017-12-31,2017-12,2017,12,Dec,2017-18,Q3,64.24,0,-0.96,-5.39,0.9743447681763998,409.07,1.77,13.978824185009753,409.07,0.0,0,10.14873924096965,9.732627643529671,27.832559814,42.030787058,-14.198227244,14.198227244,151.39385762199998,40.30746975433333,21.46759222338204,15.696737088441658,0.662194590255774,64.21,62.29,62.29,Indian Basket,1.58,18.11,2.62,18.75346772702052,10.345020961,31.685766097,3.717786398,24.114773416,6.627234562999999,24.6129603681332,66456.41465346399,89512.54,-2.1,3.776470596418946,137.2,5.21,1.3,0.14,9.434484928974,-13.7161835025,-44.022194881816,30.3060113793161,20.7122521494467,16.0617250567564,22.5301397446688,4.3233403345937,5.3215080066429,9.434484928974,8.860000000000014,-0.5744849289739857,0,No Crisis,,-6411.57,-9250.959999999995,72.69,65.78,688.03,10664.39,74622.0,4.85,7.9,2.16,5.27,5.09,-3.341687552213868,242.07669568,,5.06,20716.0
2018-01-31,2018-01,2018,1,Jan,2017-18,Q4,63.64,0,-0.94,-6.52,0.954623517731496,422.37,3.25,16.37140101942416,422.37,0.0,0,10.208569814396345,10.3773328469909,25.407743953,40.701209668,-15.293465715,15.293465715,156.782500686,41.37406195766667,26.16172423461518,13.649060752722452,0.6242503394923913,68.99,67.06,67.06,Indian Basket,7.66,24.0,7.44,25.68773911459281,11.659040249,29.042169419,3.961646064,21.446097889,7.697394185,28.64543915058756,74198.132144636,92783.94,3.65,3.886904905195188,136.9,5.07,1.41,0.11,,,,,,,,,,,,,1,2018 EM,,9568.0,-3452.7833333333315,72.69,65.78,688.03,10664.39,74622.0,4.58,7.73,1.97,5.21,4.93,-2.684563758389269,,,,
2018-02-28,2018-02,2018,2,Feb,2017-18,Q4,64.37,0,1.15,-4.03,1.0232253669232143,420.96,-0.33,15.565804645033763,422.37,-0.33,0,10.471357948303597,11.115549442176112,26.030721477,37.871272328,-11.840550851,11.840550851,158.759586216,40.20108968466667,10.57810395989569,6.749032822981715,0.6873474239669068,65.42,63.54,63.54,Indian Basket,-5.25,15.82,-5.17,17.895116237159847,10.195951225,27.675321103,3.31651192,22.714209557,6.879439305,26.92265297213597,65631.33803532501,94430.5,1.77,3.793367547702031,136.4,4.44,1.42,0.01,,,,,,,,,,,,,1,2018 EM,,-18619.15,-5154.239999999998,72.69,65.78,688.03,10664.39,74622.0,3.46,6.88,2.39,4.45,4.52,-2.845188284518829,,,,
2018-03-31,2018-03,2018,3,Mar,2017-18,Q4,65.02,0,1.01,-1.3,0.9806719248772336,424.54,0.85,14.756048114610088,424.54,0.0,0,10.493381666660998,9.918888938723205,29.167029889,42.80116479,-13.634134901,13.634134901,161.339847392,40.457882262000005,7.145758421548631,0.9491344742824204,0.6814541153752559,66.45,63.8,63.8,Indian Basket,0.41,23.96,1.57,27.86222820858189,11.11765216,31.683512630000003,3.291972701,25.875057188,7.825679459,25.97511589824189,72286.97434432,94611.18,0.19,5.7960671772606,136.5,4.28,1.51,0.09,13.2367526228855,-13.0663771304374,-41.6231057173144,28.556728586877,20.1642964506294,16.2125356232719,25.0236987024781,6.407574082133,2.2759011691205,13.2367526228855,15.470000000000027,2.2332473771145267,1,2018 EM,144682.0,7904.85,-382.0999999999979,72.69,65.78,688.03,10664.39,74622.0,3.08,5.73,2.89,4.44,4.12,-3.0025020850709017,151.53336935,,5.09,21614.9
2018-04-30,2018-04,2018,4,Apr,2018-19,Q1,65.64,0,0.95,1.75,0.7995036338917132,420.52,-0.95,12.649343691401004,424.54,-0.95,0,10.457281144765284,10.521693252864514,25.949464389,39.966951126,-14.017486737,14.017486737,161.101698029,40.21312941466667,2.9156969433649538,5.575691769651936,0.6492730533082595,71.63,69.22,69.22,Indian Basket,8.5,31.87,7.8,35.20196300490752,10.463985218,29.502965908,2.800283448,23.149180941,7.663701769999999,26.181594850733525,68685.59897095199,96288.22,1.77,6.670916300058249,137.1,4.58,1.69,0.18,,,,,,,,,,,,,1,2018 EM,,-9620.56,-6778.286666666664,72.69,65.78,688.03,10664.39,100578.0,3.0,5.16,4.55,4.67,4.42,-3.137902559867878,,,,
2018-05-31,2018-05,2018,5,May,2018-19,Q1,67.54,0,2.9,4.83,1.1188667833070531,412.37,-1.94,8.489871086556168,424.54,-2.87,0,9.765214443242222,9.3896993556631,28.944971019,43.917274066,-14.972303047,14.972303047,161.742293498,42.22846332733334,14.730189009858051,20.87079107831325,0.6590794086058429,76.65,75.25,75.25,Indian Basket,8.71,48.8,7.01,50.67819933162967,11.57359335,32.343680716,5.174368127,23.770602892,6.399225222999999,26.35316876135552,78168.0494859,96681.61,0.41,9.217347827172407,137.8,4.87,1.7,0.01,,,,,,,,,,,,,1,2018 EM,,-12359.71,-4691.806666666664,72.69,65.78,688.03,10664.39,100578.0,3.29,5.8,5.31,4.88,4.72,-2.713815789473684,,,,
2018-06-30,2018-06,2018,6,Jun,2018-19,Q1,67.79,0,0.38,5.2,1.112914546530317,405.74,-1.61,4.96714440937549,424.54,-4.43,0,9.458484173294902,9.055365228435727,27.158075424,44.806585904,-17.648510480000002,17.648510480000002,165.348430705,42.896937032,20.919055675412544,18.013674141960156,0.6061179372645646,75.19,73.83,73.83,Indian Basket,-1.89,58.57,-1.9,60.35402004691832,12.764617728,32.041968176,3.862478963,23.295596461,8.902138765,28.488262317840352,86531.343578112,95366.21,-1.36,6.372094491442093,138.5,4.92,1.82,0.12,-11.3384305584942,-15.8034671700706,-45.7506510978878,29.9471839278172,18.6762110981562,17.0312319361395,4.787497872820101,9.5725068687977,-8.1453388855952,-11.3384305584943,-18.80000000000001,-7.461569441505713,1,2018 EM,,-10249.17,-10743.146666666662,72.69,65.78,688.03,10664.39,100578.0,3.11,7.22,6.18,4.93,4.85,-1.9753086419753152,189.24460497,,5.26,21369.5
2018-07-31,2018-07,2018,7,Jul,2018-19,Q2,68.69,0,1.33,6.57,1.1332826414688166,403.67,-0.51,2.542803434435803,424.54,-4.92,0,9.09768177573546,9.094109733293738,25.754235583,44.388072262,-18.633836679,18.633836679,172.059858981,44.37064407733334,29.73262608680325,15.528009222508077,0.5802062191614443,74.44,73.47,73.47,Indian Basket,-0.49,53.51,-1.0,52.88560279318135,12.33125654,32.056815722,3.842552414,21.911683169,8.488704126,27.780563362190914,84703.40117326,93608.31,-1.84,6.88773182787259,139.8,4.17,1.91,0.09,,,,,,,,,,,,,1,2018 EM,,-2768.75,-8459.209999999997,72.69,65.78,688.03,10664.39,100578.0,1.73,7.96,6.55,4.11,4.32,-1.154163231657046,,,,
2018-08-31,2018-08,2018,8,Aug,2018-19,Q2,69.55,0,1.24,8.72,1.0704413561562771,400.1,-0.89,0.5731235232014464,424.54,-5.76,0,8.896002797486357,8.74896784431795,27.80831876,45.731108757,-17.922789997,17.922789997,177.267142117,44.975255641,26.78216617037552,19.067387697234995,0.6080831957905113,73.13,72.53,72.53,Indian Basket,-1.28,43.25,-1.76,42.3593537083901,11.939103117,33.792005640000006,3.714949647,24.093369113,8.224153470000001,26.107180520027296,83036.46217873499,92175.74,-1.53,2.5772015917672864,140.4,3.69,1.91,0.0,,,,,,,,,,,,,1,2018 EM,,-2228.53,-5082.149999999998,72.69,65.78,688.03,10664.39,100578.0,0.78,8.55,5.97,3.41,3.99,-1.152263374485596,,,,
2018-09-30,2018-09,2018,9,Sep,2018-19,Q2,72.22,0,3.84,12.06,1.402453207775572,400.53,0.11,0.0799580220384177,424.54,-5.66,0,9.038672570165325,9.353896754435713,27.865972165,42.819587442,-14.953615277,14.953615277,182.825184667,44.31292282033333,12.7939316497369,-2.4543080928998484,0.6507762879020034,78.86,77.88,77.88,Indian Basket,7.38,42.85,7.84,42.96591733139958,10.991222901,31.828364541,4.229702534,23.636269631,6.761520366999998,25.66868005416407,79378.61179102199,94930.58,2.99,2.0648519095676443,140.2,3.7,1.95,0.04,-1.8677829972939,-19.0535118233536,-50.0371046926299,30.9835928692763,20.25567575872829,19.3311341604272,16.603774886257,7.4103298523493,0.2021273963596,-1.8677829972939,-5.210000000000036,-3.3422170027061364,1,2018 EM,,-9468.68,-4821.986666666665,72.69,65.78,688.03,10664.39,100578.0,1.01,8.63,6.51,3.27,4.31,-0.3297609233305798,183.15685995,,5.08,20343.4
2018-10-31,2018-10,2018,10,Oct,2018-19,Q3,73.63,0,1.96,13.14,1.431828667590269,392.08,-2.11,-1.7884875507239273,424.54,-7.65,0,8.828736091374505,8.775705997160212,26.673950264,44.677886899,-18.003936635,18.003936635,186.216389285,44.40952769933333,19.13647894442017,16.53763232880523,0.5970280180058611,80.47,80.08,80.08,Indian Basket,2.82,42.85,2.04,39.65636931620966,14.105881427,30.572005472,4.244600805,22.429349459,9.861280622,31.572400590225147,103861.604947001,97897.6,3.13,6.571264721673442,140.7,3.38,2.19,0.24,,,,,,,,,,,,,1,2018 EM,,-29201.2,-13632.803333333331,72.69,65.78,688.03,10664.39,100578.0,-0.14,8.55,7.72,2.82,4.04,0.0,,,,
2018-11-30,2018-11,2018,11,Nov,2018-19,Q3,71.85,0,-2.41,10.78,1.7110945903046064,393.72,0.42,-2.0450813554261704,424.54,-7.26,0,9.005993439088398,9.018859719162888,26.07156472,43.655186161,-17.583621441,17.583621441,188.702479004,43.71755350066667,5.472304091087188,-0.8408914375835574,0.5972157494380682,65.17,65.4,65.4,Indian Basket,-18.33,6.65,-19.01,4.155346012466032,13.518269922,30.136916239,4.705818975000001,21.365745745,8.812450946999999,30.96601139700727,97128.76938957,96440.59,-1.49,5.47525201967356,140.8,2.33,2.2,0.01,,,,,,,,,,,,,1,2018 EM,,4934.11,-11245.256666666666,72.69,65.78,688.03,10664.39,100578.0,-1.69,7.24,6.09,1.71,3.12,-0.5723630417007408,,,,
2018-12-31,2018-12,2018,12,Dec,2018-19,Q3,70.73,0,-1.56,10.1,1.7769558153474052,395.59,0.48,-3.2952795365096432,424.54,-6.82,0,9.081212582864923,9.340743886263898,27.858291132,42.35101666600001,-14.492725534,14.492725534,188.996977294,43.561363242000006,0.7618929608862901,0.0924504184018903,0.6577950973810984,56.46,57.77,57.77,Indian Basket,-11.67,-7.26,-13.37,-12.069771063697232,10.783876325,31.567140341,4.068539235,23.789751897,6.715337089999999,25.46308725017562,76274.357246725,97176.28,0.76,8.561638402842785,140.1,2.11,2.27,0.07,-4.2956417521685,-17.7519366590634,-49.2807877801058,31.5288511210425,21.6777823090812,17.4241045098481,13.7704015214956,7.3092503977459,-2.1106292713566,-4.2956417521685,-4.939999999999998,-0.644358247831498,1,2018 EM,,-1103.37,-8456.819999999998,72.69,65.78,688.03,10664.39,100578.0,-1.64,4.47,4.3,1.5,2.91,-2.682926829268295,236.47900087,,5.4,21224.4
2019-01-31,2019-01,2019,1,Jan,2018-19,Q4,70.73,0,0.0,11.15,1.711801062853938,400.19,1.16,-5.251319932760379,424.54,-5.74,0,9.419085951743495,9.653551460035098,26.407364294,41.455209687,-15.047845393,15.047845393,188.751356972,42.48713750466667,1.8525248393115976,3.934313659839805,0.6370095458057983,59.27,59.27,59.27,Indian Basket,2.6,-11.62,4.98,-14.088998405566011,11.253132591,30.202077096,3.209971593,23.197392701,8.043160998,27.1452796306296,79593.406816143,100198.64,3.11,7.991361436041622,139.6,1.97,2.4,0.13,,,,,,,,,,,,,0,No Crisis,,127.67,1319.4700000000037,72.69,65.78,688.03,10664.39,100578.0,-1.29,2.12,3.35,1.22,2.91,-3.4035656401944947,,,,
2019-02-28,2019-02,2019,2,Feb,2018-19,Q4,71.22,0,0.69,10.64,1.7108236099149488,402.36,0.54,-4.41847206385404,424.54,-5.22,0,10.025801805107152,10.996108505376176,26.862075442,36.591126743,-9.729051301,9.729051301,186.639857422,40.132451032000006,-3.3802550226270656,3.1937415401050773,0.7341144652545798,64.13,64.53,64.53,Indian Basket,8.87,1.56,8.2,-1.9718740446346803,9.414014991,27.177111752,3.083385912,23.77868953,6.330629079,25.727589798258755,67046.61476590199,103308.18,3.1,9.401284542600097,139.9,2.57,2.4,0.0,,,,,,,,,,,,,0,No Crisis,,13564.57,4196.290000000004,72.69,65.78,688.03,10664.39,100578.0,-0.07,1.24,3.08,1.81,3.43,-2.209492635024557,,,,
2019-03-31,2019-03,2019,3,Mar,2018-19,Q4,69.48,0,-2.45,6.86,1.9572203155588688,412.87,2.61,-2.7488575870353804,424.54,-2.75,0,10.174492757800268,9.449892326456943,32.725186271,43.6904449,-10.965258629,10.965258629,183.97098115,40.57892711,2.077700722312525,12.199241388448367,0.7490238734327925,66.41,66.74,66.74,Indian Basket,3.42,4.61,3.56,-0.0601956358164179,11.780247787,31.910197113,3.616947462,29.108238809,8.163300325,26.96298427256345,81849.161624076,99627.55,-3.56,5.302090091255618,140.4,2.86,2.41,0.01,14.1624923181295,-4.6474476414917,-35.214075150131,30.566627508639403,21.3312237222198,16.1599840189425,19.2410976922344,6.4198971386978,9.4358770209394,14.1624923181296,17.28000000000003,3.11750768187043,0,No Crisis,-38930.0,32371.43,15354.556666666673,72.69,65.78,688.03,10664.39,100578.0,0.66,2.34,2.98,1.8,4.1,-0.4152823920265835,159.04510563,,5.68,23408.4
2019-04-30,2019-04,2019,4,Apr,2019-20,Q1,69.43,0,-0.07,5.78,1.961479613130676,418.79,1.43,-0.4113954152002219,424.54,-1.35,0,10.241966268532105,9.88009214607981,26.037651825,42.387256496,-16.349604670999998,16.349604670999998,186.303099084,40.88960937966667,6.055766831875009,0.3398429912772505,0.61428018648617,71.2,71.0,71.0,Indian Basket,6.38,2.57,7.21,-0.6003071338824384,11.56431577,30.82294073,3.556119133,22.48137059,8.008196636999998,27.2825295288722,80291.04439111,98458.06,-1.17,2.253484382617099,141.2,2.99,2.42,0.01,,,,,,,,,,,,,0,No Crisis,,12749.55,19561.85,72.69,65.78,688.03,10664.39,92880.0,1.38,2.56,2.46,1.87,4.3,1.593959731543615,,,,
2019-05-31,2019-05,2019,5,May,2019-20,Q1,69.77,0,0.5,3.31,1.809606310775908,421.87,0.73,2.303756335329932,424.54,-0.63,0,9.532991338585337,9.036839804825506,29.849709402,46.683354924,-16.833645521999998,16.833645521999998,188.164441559,44.253685440000005,6.2983892257134855,3.125718738519767,0.639407974225396,70.53,70.01,70.01,Indian Basket,-1.39,-6.96,-0.94,-7.9843444227005955,12.59283372,34.09052121,4.9235643520000005,24.92333276,7.669269367999999,26.97499727793985,87860.20086443999,98685.39,0.23,2.072555473579718,142.0,3.05,2.39,-0.03,,,,,,,,,,,,,0,No Crisis,,-2135.85,14328.37666666667,72.69,65.78,688.03,10664.39,92880.0,2.03,2.48,1.63,1.86,4.51,3.489361702127658,,,,
2019-06-30,2019-06,2019,6,Jun,2019-20,Q1,69.44,0,-0.48,2.43,1.8225928500270403,429.84,1.89,5.939764381130774,429.84,0.0,0,9.911523557019104,10.47559999356241,25.027345537,41.032494584,-16.005149047,16.005149047,186.521080126,43.367702001333335,-8.4230727332945,-7.845658625415853,0.6099396536997055,63.3,62.37,62.37,Indian Basket,-10.91,-15.52,-10.25,-15.813273041627872,11.20502174,29.82747284,2.637254806,22.39061655,8.567766934,27.307678593758293,77807.67096255999,102970.83,4.34,7.974124168298169,142.9,3.18,2.38,-0.01,13.9839932037591,-15.0044949081796,-46.77396025891351,31.7694653507339,20.0753846401038,17.9640232007179,28.6236115461809,13.9925180824891,4.8426916590175,13.9839932037591,16.96999999999997,2.9860067962408703,0,No Crisis,,-688.5,3308.4000000000037,72.69,65.78,688.03,10664.39,92880.0,2.37,2.24,0.73,2.21,4.33,1.8440905280804776,213.16718461,,5.37,22958.7
2019-07-31,2019-07,2019,7,Jul,2019-20,Q2,68.81,0,-0.91,0.17,1.81279020665198,428.82,-0.24,6.230336661134084,429.84,-0.24,0,10.038978996502632,10.606310262113237,26.231643087,40.430648303000005,-14.199005216,14.199005216,182.086248663,42.71549927033334,-8.915512112446233,1.85370481085112,0.6488058981991041,64.0,63.63,63.63,Indian Basket,2.02,-13.39,1.11,-14.024717893605589,9.748643852,30.68200445,3.48676534,22.74688007,6.261878511999999,24.11201467495795,67080.418345612,107353.25,4.26,14.68346132944822,144.2,3.15,2.4,0.02,,,,,,,,,,,,,0,No Crisis,,-16870.13,-6564.826666666663,72.69,65.78,688.03,10664.39,92880.0,2.33,-0.29,1.62,2.19,4.22,0.2479338842975131,,,,
2019-08-31,2019-08,2019,8,Aug,2019-20,Q2,71.15,0,3.4,2.3,2.0372863338423,428.35,-0.11,7.060734816295922,429.84,-0.35,0,10.592652239906853,10.748497116583836,25.987936959,39.852083073,-13.864146114,13.864146114,178.02760478,40.43840865333333,-12.855637756869609,-6.546177123150898,0.652109876198842,59.25,59.35,59.35,Indian Basket,-6.73,-18.17,-7.42,-18.979898810337748,10.99935685,28.85272221,3.2075994110000003,22.78430626,7.791757438999999,27.60045649270495,78260.42398775001,116289.52,8.32,26.16065789111104,145.0,3.28,2.13,-0.27,,,,,,,,,,,,,0,No Crisis,,-14828.76,-10795.796666666663,72.69,65.78,688.03,10664.39,92880.0,2.96,-1.7,1.21,2.25,4.49,-0.4098360655737654,,,,
2019-09-30,2019-09,2019,9,Sep,2019-20,Q2,71.33,0,0.26,-1.22,1.6897415527682065,433.71,1.25,8.284023668639051,433.71,0.0,0,11.028623638068536,11.505825266714844,26.013728169,37.694818924,-11.681090755,11.681090755,174.755080258,39.3258501,-11.968280929706776,-6.6469742560298695,0.690114156575435,62.33,61.72,61.72,Indian Basket,3.99,-20.75,5.2,-20.96119705807761,9.086252611,28.60856631,3.438334633,22.58615591,5.647917977999999,24.10477850900314,64812.23987426299,117988.08,1.46,24.28880135357858,145.8,3.99,2.04,-0.09,5.1184874235476,-7.579484435852151,-39.6499573115007,32.0704728756486,20.9409126115243,19.951542643373,13.5796520821155,7.31446258731006,2.4764404997096,5.11848742354762,3.870000000000005,-1.2484874235476155,0,No Crisis,,-6624.05,-12774.313333333332,72.69,65.78,688.03,10664.39,92880.0,4.7,-2.18,0.08,3.24,4.78,-1.3018714401952902,123.90622969,,6.21,26945.16
2019-10-31,2019-10,2019,10,Oct,2019-20,Q3,71.04,0,-0.41,-3.52,1.5621449899727502,445.11,2.63,13.525300958987962,445.11,0.0,0,11.557969665000025,11.717625394903038,26.21238913,37.986365411,-11.773976281,11.773976281,168.52511990399998,38.511089136,-14.977255981526229,-1.7303816248879222,0.6900473063529652,59.37,59.7,59.7,Indian Basket,-3.27,-25.45,-4.75,-26.22095190754319,9.728551474,28.25781394,3.444074022,22.78898248,6.284477452,25.610640472549207,69111.629671296,118993.38,0.85,21.548822443042525,147.2,4.62,1.83,-0.21,,,,,,,,,,,,,0,No Crisis,,8595.66,-4285.716666666664,72.69,65.78,688.03,10664.39,92880.0,6.93,-2.02,-0.47,4.29,5.11,-1.2944983818770184,,,,
2019-11-30,2019-11,2019,11,Nov,2019-20,Q3,71.45,0,0.58,-0.56,1.4251259912404537,451.26,1.38,14.614446814995418,451.26,0.0,0,11.854006089269657,11.71396648308557,25.744491675000003,38.523244936000005,-12.778753261,12.778753261,163.720251724,38.068143090333336,-11.755627856157648,-1.2545201966688737,0.6682846088840703,62.74,62.53,62.53,Indian Basket,4.74,-4.39,5.68,-3.7287095289243566,11.06910826,27.45414544,3.817811723,21.95376101,7.251296537,28.73358222649595,79088.7785177,118580.61,-0.35,22.95715942841081,148.6,5.54,1.55,-0.28,,,,,,,,,,,,,0,No Crisis,,12924.93,4965.513333333335,72.69,65.78,688.03,10664.39,92880.0,8.73,-1.93,0.88,5.27,5.76,-2.2382094324540303,,,,
2019-12-31,2019-12,2019,12,Dec,2019-20,Q3,71.19,0,-0.36,0.65,1.3486297760049888,459.86,1.91,16.24661897419046,459.86,0.0,0,11.882307113475369,11.614355286125164,27.096050954,39.594104767,-12.498053813,12.498053813,161.72558000299998,38.70123837133334,-6.509671115435811,-2.736134009039904,0.6843455891591065,65.85,65.5,65.5,Indian Basket,4.75,13.38,4.96,16.631243358129645,10.71888361,28.87524012,3.631607864,23.47577029,7.087275746,27.071918087497043,76307.73241959,118456.56,-0.1,21.898636169238017,150.4,7.35,1.55,0.0,21.601228939544,-2.62997744411774,-36.040018042633896,33.4100405985162,21.8788154915072,18.8925865013583,23.6263959202437,9.7430675135183,7.82911069872619,21.601228939544,26.15000000000004,4.548771060456037,0,No Crisis,,694.12,7404.903333333335,72.69,65.78,688.03,10664.39,92880.0,12.16,0.7,5.02,7.33,7.46,-1.9138755980861344,194.28831404,,5.99,27391.67
2020-01-31,2020-01,2020,1,Jan,2019-20,Q4,71.31,0,0.17,0.82,1.3488064308412755,471.3,2.49,17.769059696644106,471.3,0.0,0,11.854929164781796,11.453360382869098,25.853303508,41.149495366,-15.296191858,15.296191858,161.973926468,39.755615023,-0.737456940414094,-2.0981298240577817,0.6282775348288094,63.6,64.31,64.31,Indian Basket,-1.82,8.5,-3.42,7.305550868905009,13.00918179,28.14031358,3.185947917,22.66735559,9.823233873,31.61443821920817,92768.47534449,124387.69,5.01,24.141096126654027,150.2,7.59,1.55,0.0,,,,,,,,,,,,,1,2020 COVID,,-5359.51,2753.1800000000026,72.69,65.78,688.03,10664.39,92880.0,11.72,3.66,6.16,7.73,7.39,-2.450592885375491,,,,
2020-02-29,2020-02,2020,2,Feb,2019-20,Q4,71.49,0,0.24,0.37,1.3364026226017978,481.26,2.11,19.60930509991052,481.26,0.0,0,12.168592054432922,12.696654561059326,27.742764606,37.904473,-10.161708394,10.161708394,162.406583561,39.549357711,3.589247924023664,3.2785596403433592,0.7319126849752008,55.0,54.63,54.63,Indian Basket,-15.05,-15.34,-13.52,-14.23670668953687,10.7805286,27.1239444,3.441979127,24.30078548,7.338549473,28.44130981586263,77069.9989614,128136.22,3.01,24.03298557771516,149.1,6.58,1.58,0.03,,,,,,,,,,,,,1,2020 COVID,,-12684.3,-5783.229999999997,72.69,65.78,688.03,10664.39,92880.0,9.45,6.36,5.17,6.67,6.57,-4.605776736924272,,,,
2020-03-31,2020-03,2020,3,Mar,2019-20,Q4,74.35,0,4.0,7.01,1.5276561567752498,477.81,-0.72,15.72892193668709,481.26,-0.72,0,12.969296430141966,15.182589100507093,21.490667493,31.470916906,-9.980249413,9.980249413,161.42157434499998,36.841628424,-27.96842197869219,-34.32988489344571,0.6828738913832777,32.98,33.36,33.36,Indian Basket,-38.93,-50.01,-40.04,-50.33880439692817,10.04763343,21.42328348,2.517677694,18.9729898,7.529955736,31.926726062704567,74704.15455205,129785.32,1.29,30.270512523895256,148.6,5.84,0.65,-0.93,18.7943552571029,0.5576861208881599,-35.0419548780356,35.5996409989238,22.0269419820514,18.4000532915854,17.3504571552977,11.963139705815,-13.7448274414887,18.7943552571029,17.94999999999999,-0.8443552571029116,1,2020 COVID,-27528.0,-65816.7,-27953.503333333327,72.69,65.78,688.03,10664.39,92880.0,7.82,6.59,4.25,6.09,5.59,-7.313317936874519,101.91981144,,6.5,30889.94
2020-04-30,2020-04,2020,4,Apr,2020-21,Q1,76.24,0,2.54,9.81,1.6107562217978857,481.08,0.68,14.873803099405425,481.26,-0.04,0,16.692349261013778,28.156752392696784,10.173264466,17.085777268999998,-6.912512802999999,6.912512802999999,151.984482477,28.820389058333333,-59.69124052505652,-60.92864082224128,0.5954229828606109,23.34,19.9,19.9,Indian Basket,-40.35,-71.97,-29.23,-67.21910112359551,4.649364645,12.436412624,1.239513506,8.93375096,3.409851139,27.21190011902876,35446.75605347999,127490.04,-1.77,29.486646395429684,151.4,7.22,0.05,-0.6,,,,,,,,,,,,,1,2020 COVID,,-5208.5,-27903.166666666668,80.84,73.58,650.8,10664.39,63493.0,10.47,2.93,5.92,7.2,7.33,-9.696969696969692,,,,
2020-05-31,2020-05,2020,5,May,2020-21,Q1,75.66,0,-0.76,8.44,1.671594004281993,493.56,2.59,16.993386588285485,493.56,0.0,0,20.73300574646004,21.590675576828065,19.24654352,22.859868291,-3.613324771,3.613324771,138.764161726,23.805520822,-51.03207914637751,-35.52183955696924,0.8419358884748004,31.02,30.61,30.61,Indian Basket,53.82,-56.28,32.9,-56.0187154402382,3.574169001,19.28569929,1.759787772,17.486755748,1.814381229,15.63512508253235,27042.162661566,127490.04,0.0,29.188363140683737,150.9,6.27,0.05,0.0,,,,,,,,,,,,,1,2020 COVID,,13914.49,-19036.90333333333,80.84,73.58,650.8,10664.39,63493.0,8.37,1.57,6.08,6.18,6.43,-11.587659894657644,,,,
2020-06-30,2020-06,2020,6,Jun,2020-21,Q1,75.73,0,0.09,9.06,1.6432082440559157,505.7,2.46,17.64842732179417,505.7,0.0,0,24.761218552730355,23.715560695495466,22.033154907,21.323552350000003,0.7096025570000001,-0.7096025570000001,122.049410122,20.42306597,-48.03252259901644,-11.96367639378072,1.033277877220115,39.93,40.63,40.63,Indian Basket,32.73,-34.86,28.72,-36.91943127962085,4.967542658,16.356009692,1.925684488,20.107470419,3.04185817,23.29603706016648,37619.200549034,145506.17,14.13,41.30814522909061,151.8,6.23,0.08,0.03,19.8462130032278,19.0579485934472,-10.9899217462223,30.047870339669497,20.7583625481987,16.974329857277098,1.37553230849189,-0.5279383655911191,0.641664900570664,19.8462130032278,27.889999999999983,8.043786996772187,1,2020 COVID,,5492.95,4732.98,80.84,73.58,650.8,10664.39,63493.0,7.92,0.5,8.35,6.34,6.12,-10.770381451009714,63.73162427,,6.61,33522.55
2020-07-31,2020-07,2020,7,Jul,2020-21,Q2,74.99,0,-0.97,8.99,1.6487561886758642,534.57,5.71,24.660696795858406,534.57,0.0,0,21.878871867043067,18.359968819025603,23.7824052,29.11606252,-5.33365733,5.33365733,113.184062236,24.43316105366667,-27.985170304974925,-9.33695948392118,0.8168139213076535,42.81,43.35,43.35,Indian Basket,6.69,-31.87,7.21,-33.109375,6.543394995,22.572667528,1.772907939,22.009497259,4.770487056,22.47348861304753,49068.919067505,155246.25,6.69,44.61252919683383,153.9,6.73,0.09,0.01,,,,,,,,,,,,,1,2020 COVID,,2490.19,7299.21,80.84,73.58,650.8,10664.39,63493.0,8.5,2.66,10.27,6.76,6.7,-10.370370370370374,,,,
2020-08-31,2020-08,2020,8,Aug,2020-21,Q2,74.67,0,-0.43,4.96,1.4431476015986695,542.88,1.56,26.737481031866466,542.88,0.0,0,19.9897830388112,17.49306886149061,22.829285673,31.034005771,-8.204720098,8.204720098,107.52463622,27.157873547000005,-22.12701726493764,-12.15429793824444,0.735621622340904,44.26,44.19,44.19,Indian Basket,1.94,-25.54,3.39,-25.29957805907173,6.451915006999999,24.582090764,1.901641253,20.92764442,4.550273753999999,20.78982344273793,48176.449357269,164967.21,6.26,41.85905144332867,154.7,6.69,0.1,0.01,,,,,,,,,,,,,1,2020 COVID,,15749.86,7911.0,80.84,73.58,650.8,10664.39,63493.0,8.29,3.18,10.97,6.66,6.8,-10.425844346549184,,,,
2020-09-30,2020-09,2020,9,Sep,2020-21,Q2,73.48,0,-1.59,3.01,1.555370948641764,544.69,0.33,25.58852689585209,544.69,0.0,0,18.02248272091756,17.847950559688666,27.55904433,30.51834989,-2.959305569,2.959305569,98.802851034,30.222806060333337,-19.03834330248181,5.940387133135028,0.9030319276544608,41.09,41.35,41.35,Indian Basket,-6.43,-33.0,-7.16,-34.07668859297288,5.826284455,24.692065439,3.52701236,24.032031965,2.299272095,19.091086103934828,42811.53817534,158320.8,-4.03,34.18372432198233,156.4,7.27,0.09,-0.01,31.5684510724412,15.250193346620598,-14.8160031906396,30.0661965372602,21.0856554423602,18.3855246580021,15.9430388989136,24.424469697917697,6.99765484404138,31.5684510724412,38.99000000000007,7.421548927558867,1,2020 COVID,,-11410.69,2276.453333333333,80.84,73.58,650.8,10664.39,63493.0,9.8,2.8,11.5,7.36,7.26,-10.55312954876274,94.56204175,,6.64,35999.38
2020-10-31,2020-10,2020,10,Oct,2020-21,Q3,73.46,0,-0.03,3.4,1.5443562942651403,560.19,2.85,25.85428321089169,560.19,0.0,0,17.574369026444646,16.440473038606058,24.92041079,34.07383709,-9.153426307,9.153426307,96.18230106,31.87539758366667,-10.299822788170786,-4.9288843286754425,0.7313649684999419,40.47,40.66,40.66,Indian Basket,-1.67,-31.89,-1.51,-31.83425972713492,6.000274672,28.073562422,1.567308295,23.353102492,4.432966377,17.609624229144895,44078.017740512,157743.06,-0.36,32.56456787764159,158.4,7.61,0.09,0.0,,,,,,,,,,,,,1,2020 COVID,,14537.4,6292.19,80.84,73.58,650.8,10664.39,63493.0,10.09,2.13,11.16,7.75,7.33,-12.153518123667371,,,,
2020-11-30,2020-11,2020,11,Nov,2020-21,Q3,74.22,0,1.04,3.87,1.5578588647320513,574.82,2.61,27.38111066790765,574.82,0.0,0,17.524202201790192,17.00032602314454,23.61994784,33.81229273,-10.19234489,10.19234489,93.595892689,32.801493236666666,-12.228856146013843,-8.25242099094583,0.6985609650493523,43.23,43.34,43.34,Indian Basket,6.59,-30.69,6.82,-31.09658909786421,6.314807689,27.497485036,1.55736401,22.062583827,4.7574436790000005,18.676070680640887,46868.502667758,156784.14,-0.61,32.21734986858309,158.9,6.93,0.09,0.0,,,,,,,,,,,,,1,2020 COVID,,65317.13,22814.61333333333,80.84,73.58,650.8,10664.39,63493.0,8.89,1.62,11.14,7.2,6.73,-12.943632567849685,,,,
2020-12-31,2020-12,2020,12,Dec,2020-21,Q3,73.59,0,-0.84,3.37,1.583097271078743,585.77,1.9,27.38007219588569,585.77,0.0,0,15.8572396894871,13.643326201050114,27.21629376,42.934544800000005,-15.718251039999998,15.718251039999998,96.816089916,36.940224873333335,8.436710597846675,0.4437650571447848,0.633901998653541,49.87,49.84,49.84,Indian Basket,15.0,-23.91,15.36,-24.267274107820803,9.629008793,33.305536004000004,2.336626833,24.879666929,7.29238196,22.427182675056564,70859.87570768701,153860.97,-1.86,29.88809568672264,157.3,4.59,0.09,0.0,32.4827059426243,-2.23457407667465,-34.601982275519305,32.3674081988446,23.2367303289319,19.2583510353319,34.1411624931791,17.3800263526827,21.2172144435322,32.4827059426243,41.07999999999993,8.597294057375628,1,2020 COVID,,48223.94,42692.82333333333,80.84,73.58,650.8,10664.39,63493.0,3.87,2.92,9.32,4.07,5.19,-12.491277041172369,186.15667627,,6.32,36711.22
2021-01-31,2021-01,2021,1,Jan,2020-21,Q4,73.11,0,-0.66,2.52,1.6066931501652304,590.32,0.78,25.25355399957565,590.32,0.0,0,14.909968804646056,14.045182099328622,27.53827805,42.03007094,-14.49179289,14.49179289,96.011690948,39.59230282333333,2.139942582935217,6.517443859654559,0.6552041772499565,54.55,54.79,54.79,Indian Basket,9.93,-14.8,9.38,-14.22955974842768,9.424295700999998,32.605775243,2.135998144,25.402279909,7.288297556999998,22.422745168462,68901.02587001098,154395.05,0.35,24.12405922161589,156.3,4.06,0.09,0.0,,,,,,,,,,,,,0,No Crisis,,8980.81,40840.62666666667,80.84,73.58,650.8,10664.39,63493.0,2.67,3.87,9.4,3.23,5.13,-12.030598052851191,,,,
2021-02-28,2021-02,2021,2,Feb,2020-21,Q4,72.76,0,-0.48,1.77,1.6192392059422842,584.55,-0.98,21.462411170676976,590.32,-0.98,0,13.949601474848482,14.345259437062415,27.63325189,40.74865307,-13.115401169999998,13.115401169999998,98.965383724,41.90442293666667,7.503547325404058,-0.394743341391135,0.6781390256637506,61.96,61.22,61.22,Indian Basket,11.74,12.06,13.58,12.654545454545453,9.031446184,31.717206881,2.471158099,25.162093794,6.560288085,22.16379071103368,65712.80243478401,146626.61,-5.03,14.430260233991588,156.6,5.03,0.08,-0.01,,,,,,,,,,,,,0,No Crisis,,42044.46,33083.07,80.84,73.58,650.8,10664.39,63493.0,4.25,3.53,11.36,4.19,5.96,-11.837577426015155,,,,
2021-03-31,2021-03,2021,3,Mar,2020-21,Q4,72.79,0,0.05,-2.1,1.0787619166096225,576.98,-1.3,20.75511186454868,590.32,-2.26,0,13.145289443582568,11.799456258200284,35.25660211,48.898863420000005,-13.64226131,13.64226131,102.627395621,43.89252914333334,55.37794328031582,64.055407406419,0.7210106665910723,65.19,64.73,64.73,Indian Basket,5.73,94.03,5.21,97.66525166767738,10.271375221,38.627488203,3.609363652,31.647238461,6.662011569,21.005345528744805,74765.34023365901,138875.41,-5.29,7.0039431270038754,156.8,5.52,0.07,-0.01,3.38908290840063,-8.16124078888493,-41.74455492113941,33.5833141322545,23.4845393790567,18.8417051051508,12.2610034408941,2.67853827818674,7.28027925473088,3.38908290840061,-8.789999999999964,-12.179082908400574,0,No Crisis,267101.0,1245.22,17423.496666666666,80.84,73.58,650.8,10664.39,63493.0,5.24,4.43,12.55,4.61,6.52,-12.760241773002011,165.82109062,345.0,6.03,34906.59
2021-04-30,2021-04,2021,4,Apr,2021-22,Q1,74.47,0,2.31,-2.31,1.0270386230971682,588.02,1.91,22.229151076743992,590.32,-0.39,0,13.000510338310615,12.770805778664387,30.750582034,46.04407977,-15.293497736,15.293497736,111.00838055399998,45.23053208666666,169.48776777946887,202.2685799309682,0.6678509416977323,64.77,63.4,63.4,Indian Basket,-2.05,218.59,-0.64,177.50642673521847,10.764836647,35.279243123,3.625659599,27.124922435,7.139177047999999,23.3794153358535,80165.73851020899,145328.79,4.65,13.99226951375967,157.8,4.23,0.07,0.0,,,,,,,,,,,,,0,No Crisis,,-12039.43,10416.75,98.05,87.42,866.85,10664.39,113365.0,2.6,7.98,10.81,3.75,4.71,-13.328956007879189,,,,
2021-05-31,2021-05,2021,5,May,2021-22,Q1,73.27,0,-1.62,-3.16,1.0980433700106005,598.88,1.85,21.338844314774285,598.88,0.0,0,13.430052967725176,15.421284510622243,32.298976908,38.834637905,-6.535660997,6.535660997,113.93071678,44.59252703166667,69.88128457542042,67.81702581783891,0.8317053705254575,68.04,66.95,66.95,Indian Basket,5.6,118.72,5.05,119.34235976789172,9.468961589,29.365676316,5.313260588,26.98571632,4.155701001000001,24.38277295687328,69379.08156260301,148952.93,2.49,16.834954322706295,160.4,6.3,0.06,-0.01,,,,,,,,,,,,,0,No Crisis,,-6015.34,-5603.183333333334,98.05,87.42,866.85,10664.39,113365.0,5.24,11.86,12.38,6.55,5.91,-14.258064516129032,,,,
2021-06-30,2021-06,2021,6,Jun,2021-22,Q1,73.56,0,0.4,-2.86,1.110622266201165,611.07,2.04,20.836464306901338,611.07,0.0,0,14.437341118413013,14.515325349782694,32.492996104,42.098264095,-9.605267991,9.605267991,124.245587328,42.32566059,97.42612958670551,47.473188661133925,0.7718369581861022,73.07,71.98,71.98,Indian Basket,7.51,77.16,7.39,82.9952416729276,10.678421389,31.419842706,3.952682629,28.540313475,6.725738759999999,25.36546724326401,78550.467737484,148994.83,0.03,2.397602795812692,161.3,6.26,0.08,0.02,31.8701934197444,6.559316643205589,-30.71521084202369,37.2745274852293,25.80823882473189,19.013028463687,25.3918806072141,11.5540958270009,0.402069913324725,31.8701934197444,34.09000000000003,2.219806580255632,0,No Crisis,,-25.89,-6026.886666666668,98.05,87.42,866.85,10664.39,113365.0,5.58,12.61,11.63,6.16,6.37,-13.963963963963977,119.63789904,148.0,5.96,36295.71
2021-07-31,2021-07,2021,7,Jul,2021-22,Q2,74.53,0,1.32,-0.62,1.168102255278994,620.06,1.47,15.992292870905557,620.06,0.0,0,14.63788029374919,13.43663425462773,35.512816497,46.146973137,-10.63415664,10.63415664,129.546086638,42.359958379,58.49317916974992,49.32390646930869,0.7695589565879093,74.39,73.54,73.54,Indian Basket,2.17,69.64,1.81,73.76781125905161,12.402063939,33.744909198,5.840024637000001,29.67279186,6.562039301999999,26.87514065588019,92432.582537367,148649.74,-0.23,-4.249062376707979,162.5,5.59,0.1,0.02,,,,,,,,,,,,,0,No Crisis,,-23193.39,-9744.873333333337,98.05,87.42,866.85,10664.39,113365.0,4.46,12.38,10.54,5.49,5.82,-12.337662337662335,,,,
2021-08-31,2021-08,2021,8,Aug,2021-22,Q2,74.18,0,-0.46,-0.65,1.1690348259322378,640.7,3.33,18.01871500147363,640.7,0.0,0,14.41523461903598,14.208456857625576,33.380732323,45.092863104,-11.712130781,11.712130781,133.053497321,44.446033445333335,45.30145878279568,46.21890847193306,0.7402664196773732,70.02,69.8,69.8,Indian Basket,-5.09,57.95,-5.87,58.20153637596024,9.443189662,35.649673442,4.655345452,28.725386871,4.78784421,20.941650212408742,70049.58091271602,146490.04,-1.45,-11.20051069542849,162.9,5.3,0.09,-0.01,,,,,,,,,,,,,0,No Crisis,,-2568.52,-8595.933333333334,98.05,87.42,866.85,10664.39,113365.0,3.73,12.95,10.24,5.28,5.32,-11.096605744125332,,,,
2021-09-30,2021-09,2021,9,Sep,2021-22,Q2,73.56,0,-0.84,0.11,1.0968422305818974,635.36,-0.83,16.646165708935357,640.7,-0.83,0,12.920276094142295,11.287979704498314,33.814611805,56.28642295900001,-22.471811154,22.471811154,152.566002906,49.175419733333335,84.43468654720246,22.69878229482132,0.6007596508598733,74.6,73.13,73.13,Indian Basket,4.77,76.86,6.54,81.552689218788,16.779202147,39.507220812,5.195485154,28.619126651,11.583716993,29.810389903835706,123427.810993332,144908.27,-1.08,-8.47174218422343,163.2,4.35,0.08,-0.01,31.1887797846184,-9.733885224411727,-44.5112769957035,34.7773917712918,25.5793571132452,18.9905157022934,39.62207910473521,8.69726435610762,3.87743052886345,31.1887797846184,24.289999999999964,-6.898779784618437,0,No Crisis,,913.77,-8282.713333333335,98.05,87.42,866.85,10664.39,113365.0,1.61,13.63,9.53,4.13,4.57,-9.545753785385124,168.00137764,296.9,5.86,37429.81
2021-10-31,2021-10,2021,10,Oct,2021-22,Q3,74.92,0,1.84,1.98,1.2160953411586906,640.39,0.79,14.316571163355274,640.7,-0.05,0,12.39324336665033,11.939055593266552,35.727726710000006,53.638245923,-17.910519213,17.910519213,161.323095812,51.672510662,57.417686130634735,43.36732653033446,0.666086783697004,83.65,82.11,82.11,Indian Basket,12.28,101.94,12.13,106.69631826043984,12.278880332,41.359365591,5.355773817999999,30.371952892,6.9231065140000005,22.89202437683525,91993.371447344,146968.97,1.42,-6.830151513480209,165.5,4.48,0.08,0.0,,,,,,,,,,,,,1,2022 Ukraine,,-25572.19,-9075.646666666667,98.05,87.42,866.85,10664.39,113365.0,1.82,14.35,10.9,4.07,5.04,-7.979071288423823,,,,
2021-11-30,2021-11,2021,11,Nov,2021-22,Q3,74.5,0,-0.56,0.37,1.199839635749355,638.0,-0.37,10.991266831355894,640.7,-0.42,0,11.745953238633234,12.032044719146812,31.795049666,53.02506888,-21.230019214,21.230019214,172.360770136,54.316579254,56.82186742975117,34.61100710881162,0.5996229771611379,80.77,80.64,80.64,Indian Basket,-1.79,86.06,-3.44,86.83784408975248,14.245022763,38.780046117,5.495026363,26.300023303000003,8.7499964,26.86469449994989,106125.41958435002,149803.52,1.93,-4.452376369191436,166.7,4.91,0.08,0.0,,,,,,,,,,,,,1,2022 Ukraine,,-39901.92,-21520.11333333333,98.05,87.42,866.85,10664.39,113365.0,2.6,13.35,10.02,4.29,5.54,-5.7704918032786985,,,,
2021-12-31,2021-12,2021,12,Dec,2021-22,Q3,75.37,0,1.18,2.42,1.2070876546716065,633.61,-0.69,8.167028014408384,640.7,-1.11,0,11.382686592476327,10.502442682762046,39.270202467,60.329774619000005,-21.059572152,21.059572152,177.702091248,55.66436314066667,40.51569639326884,44.28930997473186,0.6509257280505804,74.31,73.3,73.3,Indian Basket,-9.1,47.07,-8.0,49.00741929015442,16.494594763000002,43.835179856,6.754777462,32.515425005000004,9.739817301000002,27.340720012909287,124319.760728731,148986.18,-0.55,-3.168308376061846,166.2,5.66,0.08,0.0,0.465385744707019,-22.1666126604523,-59.7497879255168,37.58317526506461,27.8093209394467,21.31181716367369,22.499653828243098,4.558644662142751,-5.8415803322877,0.465385744707033,-1.75,-2.215385744707033,1,2022 Ukraine,,-35493.59,-33655.9,98.05,87.42,866.85,10664.39,113365.0,4.47,10.95,9.73,5.36,5.9,-4.784053156146173,343.88222091,277.8,6.22,39404.52
2022-01-31,2022-01,2022,1,Jan,2021-22,Q4,74.44,0,-1.24,1.82,1.2555826849665743,629.95,-0.58,6.713308036319288,640.7,-1.68,0,11.390017019882,11.983806534233604,35.233005675,52.566769849,-17.333764174,17.333764174,180.544062532,55.30720444933333,25.06942927610487,27.941934535736145,0.6702524384931416,85.53,84.67,84.67,Indian Basket,15.51,54.54,15.1,56.79193400549956,12.354765961,40.212003888,4.579630412,30.653375263,7.775135549,23.502996277856763,91968.877813684,149245.21,0.17,-3.3354955356405536,165.7,6.01,0.08,0.0,,,,,,,,,,,,,1,2022 Ukraine,,-41346.35,-38913.95333333333,98.05,87.42,866.85,10664.39,113365.0,5.58,9.32,9.29,6.12,5.91,-4.578633045786318,,,,
2022-02-28,2022-02,2022,2,Feb,2021-22,Q4,75.0,0,0.75,3.09,1.2489228692490688,631.86,0.3,8.093405183474477,640.7,-1.38,0,11.230076516213847,11.303725023551245,37.153986672,55.898387362,-18.74440069,18.74440069,186.173062052,56.26497727666666,37.17849094539408,34.453906546718784,0.6646700991817425,95.76,94.07,94.07,Indian Basket,11.1,53.66,11.96,54.551323434473865,15.755485018,40.142902344,6.897573934,30.256412738,8.857911084,28.18593838131126,118166.137635,153276.22,2.7,4.535063587707588,166.1,6.07,0.08,0.0,,,,,,,,,,,,,1,2022 Ukraine,,-45720.07,-40853.33666666666,98.05,87.42,866.85,10664.39,113365.0,5.93,8.73,8.13,6.38,5.75,-3.711066931742868,,,,
2022-03-31,2022-03,2022,3,Mar,2021-22,Q4,76.24,0,1.66,4.74,1.3092364186807488,607.31,-3.89,5.256681340774372,640.7,-5.21,0,10.6200481163213,9.626003859956189,44.573710745,63.090562692,-18.516851947,18.516851947,191.047652689,57.18523996766667,29.02255447147157,26.426564323841472,0.7065036170719085,115.59,112.87,112.87,Indian Basket,19.99,74.37,20.71,77.31247123791994,21.145026907,41.945535785,9.806455828,34.767254916999995,11.338571078999998,33.515356346126275,161209.685138968,160719.1,4.86,15.728983266368049,167.7,6.95,0.2,0.12,-16.0236088101421,-13.4243833675611,-54.4830783845462,41.0586950169851,28.318810494988305,21.1319400642101,-1.70650508450691,13.7765015030252,-15.2151676544907,-16.0236088101421,-26.300000000000068,-10.276391189857968,1,2022 Ukraine,-122242.0,-43281.31,-43449.24333333333,98.05,87.42,866.85,10664.39,113365.0,7.47,7.52,8.0,7.66,6.12,-1.3907284768211905,135.45955519,156.4,7.0,43240.94
2022-04-30,2022-04,2022,4,Apr,2022-23,Q1,76.17,0,-0.1,2.28,1.1657573295995804,596.67,-1.75,1.4710384000544252,640.7,-6.87,0,10.110386335336589,10.277190311388626,39.698170067,58.057696892,-18.359526825,18.359526825,194.113681778,59.015548982000006,26.0915565736368,29.09729651005277,0.683771010428596,105.78,102.97,102.97,Indian Basket,-8.77,62.41,-8.49,63.3163501621121,17.633066414,40.424630478,7.860285039000001,31.837885028,9.772781375,30.371625741202507,134311.06687543803,161918.17,0.75,11.4150678609517,170.1,7.79,0.33,0.13,,,,,,,,,,,,,1,2022 Ukraine,,-40652.71,-43218.03,97.9,90.58,1038.7,10664.39,144234.0,8.1,10.67,10.91,8.38,7.09,0.7941760423560762,,,,
2022-05-31,2022-05,2022,5,May,2022-23,Q1,77.32,0,1.51,5.53,1.0690990259432098,603.2,1.09,0.7213465134918495,640.7,-5.85,0,9.927872611863954,9.868070148511196,39.003616619,61.126440218000006,-22.122823599,22.122823599,209.70084438,60.75823326733334,57.40185441546222,20.758055990743628,0.6380809430403332,112.37,109.51,109.51,Indian Basket,6.35,63.57,6.23,65.15285126396238,16.615510452,44.510929766,8.475211993,30.528404626,8.140298458999998,27.18219872242324,128471.126814864,158277.1,-2.25,6.259809726468624,171.7,7.04,0.77,0.44,,,,,,,,,,,,,1,2022 Ukraine,,-54292.47,-46075.496666666666,97.9,90.58,1038.7,10664.39,144234.0,7.84,9.54,9.47,7.08,7.08,3.748326639892907,,,,
2022-06-30,2022-06,2022,6,Jun,2022-23,Q1,78.07,0,0.98,6.14,1.0794471087580222,589.15,-2.33,-3.5871504083002104,640.7,-8.05,0,9.629943865456822,9.155007735490026,42.279520977,64.352758296,-22.073237319,22.073237319,222.168813708,61.178965135333335,52.86321105967684,30.11887497747628,0.6569962515441701,120.08,116.01,116.01,Indian Basket,5.94,61.17,6.86,64.33556863281787,18.937358538,45.415399758,10.593852322999998,31.685668654,8.343506215000003,29.427423220765185,147843.95810616598,158033.22,-0.15,6.066244043501379,172.6,7.01,1.21,0.44,4.59540362218494,-17.9643277001369,-63.0540313234832,45.0897036233463,31.0687321044663,22.8742795917923,22.0549958423716,13.3924482471604,-14.6300920229006,4.59540362218492,-18.159999999999968,-22.75540362218489,1,2022 Ukraine,,-58112.37,-51019.18333333333,97.9,90.58,1038.7,10664.39,144234.0,7.56,10.14,6.9,7.09,6.86,4.365345869711224,170.73300993,192.7,6.9,40926.2
2022-07-31,2022-07,2022,7,Jul,2022-23,Q2,79.6,0,1.96,6.81,1.1377036947156711,574.25,-2.53,-7.387994710189327,640.7,-10.37,1,9.103009814842338,9.004821207257804,38.335803897,63.771393877,-25.43558998,25.43558998,236.970247048,63.08353079700001,38.1919323022055,7.949207296015137,0.6011442053617447,108.92,105.49,105.49,Indian Basket,-9.07,43.45,-9.29,46.41752923780078,18.556237624,45.215156253,8.162095172999999,30.173708724,10.394142451000002,29.09805869978413,147707.65148703998,157859.48,-0.11,6.195597785774809,173.4,6.71,1.68,0.47,,,,,,,,,,,,,1,2022 Ukraine,,-6567.71,-39657.51666666667,97.9,90.58,1038.7,10664.39,144234.0,6.71,11.76,5.55,6.8,6.49,1.2491781722550943,,,,
2022-08-31,2022-08,2022,8,Aug,2022-23,Q2,79.56,0,-0.06,7.24,1.1107491329565056,560.38,-2.42,-12.536288434524746,640.7,-12.54,1,8.847951505319362,9.056039127218511,37.017740035,61.879149607,-24.861409572,24.861409572,250.119525839,63.33443392666667,37.22603832957985,10.895530022551458,0.5982263859491116,98.6,97.4,97.4,Indian Basket,-7.67,39.54,-9.47,40.81690945444159,17.324017973,44.555131634,8.486008991,28.531731044,8.838008982,27.9965353160578,137829.886993188,160603.08,1.74,9.634129392005075,174.3,7.0,2.33,0.65,,,,,,,,,,,,,1,2022 Ukraine,,22025.62,-14218.153333333335,97.9,90.58,1038.7,10664.39,144234.0,7.57,10.78,5.2,7.15,6.72,0.4590163934426128,,,,
2022-09-30,2022-09,2022,9,Sep,2022-23,Q2,80.23,0,0.85,9.06,1.0160570700984084,532.66,-4.95,-16.164064467388574,640.7,-16.86,1,8.453907275790604,8.405274586258868,35.390796762,63.372111706000005,-27.981314944,27.981314944,255.629029629,63.00755173000001,12.588628615041554,4.661254034467244,0.5584601145404033,90.16,90.71,90.71,Indian Basket,-6.87,24.04,-8.56,20.85790884718499,17.559640063,45.812471643,7.265980333000001,28.124816429,10.293659729999998,27.70878165534994,140880.992225449,155383.79,-3.25,7.22906981085345,175.3,7.41,2.56,0.23,-30.3788423869664,-30.902378298095,-78.3130704484828,47.4106921503878,34.4257351262945,24.7734146842618,1.4609020970455,6.20895642418124,6.5318723065271,-30.3788423869664,-56.49000000000001,-26.11115761303361,1,2022 Ukraine,,-18308.3,-950.1299999999998,97.9,90.58,1038.7,10664.39,144234.0,8.41,10.39,5.39,7.56,7.27,0.0658761528326667,191.65102324000003,194.9,7.06,37604.91
2022-10-31,2022-10,2022,10,Oct,2022-23,Q3,82.34,0,2.63,9.91,1.1152116255208973,534.02,0.26,-16.610190665063474,640.7,-16.65,1,8.746694803241569,9.2214715333317,31.601791937,57.910497047,-26.30870511,26.30870511,264.027215526,61.05391945333333,7.964934442735139,-11.548271197017346,0.5457005819057653,93.13,91.7,91.7,Indian Basket,1.09,11.68,3.29,11.332934847579178,16.342097936000002,41.568399111,6.298648257,25.30314368,10.043449679000002,28.21957808916197,134560.834405024,156676.05,0.83,6.60484998976314,176.7,6.77,3.08,0.52,,,,,,,,,,,,,1,2022 Ukraine,,-489.06,1076.0866666666668,97.9,90.58,1038.7,10664.39,144234.0,7.1,9.93,4.62,6.98,6.5,0.2622950819672232,,,,
2022-11-30,2022-11,2022,11,Nov,2022-23,Q3,81.81,0,-0.64,9.82,1.1242613736865767,553.17,3.59,-13.296238244514116,640.7,-13.66,1,9.310848763130268,9.713016635656423,34.887098742,56.951410746,-22.064312004,22.064312004,264.861508316,59.411339833,7.404689798490649,9.724938657059168,0.6125765505194322,91.07,87.55,87.55,Indian Basket,-4.53,8.57,-2.21,12.752259502290444,16.318803114,40.632607632,8.086206175000001,26.800892567,8.232596939,28.65390496959052,133504.12827563402,161252.43,2.92,7.642617476545288,176.5,5.88,3.78,0.7,,,,,,,,,,,,,1,2022 Ukraine,,22546.34,1249.660000000001,97.9,90.58,1038.7,10664.39,144234.0,5.07,10.62,5.3,6.09,5.68,-0.3919007184846501,,,,
2022-12-31,2022-12,2022,12,Dec,2022-23,Q3,82.46,0,0.8,9.41,1.1176097329352084,562.72,1.73,-11.18827038714667,640.7,-12.17,1,9.587423656645992,9.191952949254068,38.084560544,61.218764185,-23.134203641,23.134203641,266.936139805,58.693557326,1.4735502852682991,-3.0191897380624333,0.6221060005215131,80.9,78.1,78.1,Indian Basket,-10.79,6.55,-11.17,8.868254609070124,19.347164639,41.871599546,8.349951371,29.734609173,10.997213268,31.6033243999076,159536.719613194,167737.1,4.02,12.58567740981078,175.7,5.72,4.1,0.32,11.0688939803608,-16.8321016199737,-71.3374369963016,54.5053353763279,38.713374204211895,28.467171496537603,28.887156054709003,2.0301025116600098,4.61055100310156,11.0688939803608,30.06000000000006,18.99110601963926,1,2022 Ukraine,,-14231.09,2608.730000000001,97.9,90.58,1038.7,10664.39,144234.0,4.58,10.91,4.95,6.05,5.39,-0.8563899868247793,276.27962862000004,169.4,7.34,41322.79
2023-01-31,2023-01,2023,1,Jan,2022-23,Q4,81.9,0,-0.68,10.02,1.0352382246701357,574.42,2.08,-8.814985316294955,640.7,-10.34,1,10.077746991667958,10.873734266619907,35.799376703,52.826378309,-17.027001606000002,17.027001606000002,266.629377237,56.99885108,0.4938642049829855,1.6075013106300995,0.6776799365952536,83.09,80.92,80.92,Indian Basket,3.61,-4.43,2.71,-2.85280018706886,15.877977697,36.948400612,7.703733622,28.095643081,8.174244075,30.056911348576925,130040.63733843002,174869.07,4.25,17.16896642780028,176.5,6.52,4.33,0.23,,,,,,,,,,,,,0,No Crisis,,-41464.73,-11049.826666666668,97.9,90.58,1038.7,10664.39,144234.0,6.19,10.84,4.54,6.85,6.0,-0.3306878306878258,,,,
2023-02-28,2023-02,2023,2,Feb,2022-23,Q4,82.61,0,0.87,10.14,1.0352382246701357,562.72,-2.04,-10.942297344348429,640.7,-12.17,1,10.070952781872265,10.502132295789169,37.013698236,53.5814998469999,-16.567801611,16.567801611,264.452778158,55.87554744699997,-4.144819956962009,-0.3775864949258078,0.6907925000548943,82.71,82.28,82.28,Indian Basket,1.68,-12.53,-0.46,-13.62781954887219,16.884355307,36.69714454,7.839429057999999,29.174269178,9.044926249,31.5115391603682,139481.659191127,176217.06,0.77,14.966992270555735,176.8,6.44,4.57,0.24,,,,,,,,,,,,,0,No Crisis,,-11090.64,-22262.153333333332,97.9,90.58,1038.7,10664.39,144234.0,6.26,9.9,4.53,6.72,6.1,-0.1984126984126866,,,,
2023-03-31,2023-03,2023,3,Mar,2022-23,Q4,82.29,0,-0.39,7.93,1.0521273543145633,578.45,2.79,-4.752103538555252,640.7,-9.72,0,10.370906270682372,9.495115533312322,41.957821273,60.920796379,-18.962975106,18.962975106,264.898901317,55.776224844999966,-3.4391297531970344,-5.86868229787989,0.6887273930559331,78.53,78.54,78.54,Indian Basket,-4.55,-30.42,-5.05,-32.06159702396402,18.021935554,42.898860825,8.347044828,33.610776445000006,9.674890726,29.582567243346706,148302.507673866,179086.26,1.63,11.428112775643973,177.2,5.66,4.65,0.08,5.57941688564204,-1.35597761895583,-52.5865069532207,51.2305293342649,39.074816416522,24.762052080563898,6.540300583866601,6.35477652982948,-1.66418868106449,5.5794168856420505,15.730000000000018,10.150583114357968,0,No Crisis,-40936.0,1997.7,-16852.556666666667,97.9,90.58,1038.7,10664.39,144234.0,5.11,8.79,3.99,5.51,5.89,-0.264200792602387,126.325756,,7.81,45200.31
2023-04-30,2023-04,2023,4,Apr,2023-24,Q1,82.02,0,-0.33,7.68,1.068877916321594,590.1,2.01,-1.1011111669767093,640.7,-7.9,0,10.823993911059285,12.030333110164388,34.618449645,49.051010857,-14.432561212,14.432561212,260.971935704,54.517769027666624,-15.513336761798191,-12.795855359143204,0.7057642450208474,84.11,83.76,83.76,Indian Basket,6.65,-18.66,7.11,-20.4859141614672,13.693794611,35.357216246,6.420561696,28.197887949,7.273232914999999,27.917456484071167,112316.50339942198,187020.45,4.43,15.503065529952575,178.1,4.7,4.83,0.18,,,,,,,,,,,,,0,No Crisis,,5711.8,-1127.0466666666664,96.63,89.53,979.23,10664.39,144234.0,4.16,5.52,1.17,4.68,4.85,-1.1772400261608973,,,,
2023-05-31,2023-05,2023,5,May,2023-24,Q1,82.34,0,0.39,6.5,1.0328674414053065,590.72,0.1,-2.0689655172413834,640.7,-7.8,0,10.58481667615233,10.28181062971267,34.953430945,57.452915763,-22.499484818,22.499484818,261.348596923,55.80824099966667,-6.009714359119933,-10.38412851188526,0.6083839345802221,75.7,74.98,74.98,Indian Basket,-10.48,-31.53,-10.0,-32.633265106345114,15.573850812,41.879064951,5.8543001640000005,29.099130781,9.719550647999998,27.107154798276827,128235.087586008,188337.49,0.7,18.99225472288788,179.1,4.31,5.06,0.23,,,,,,,,,,,,,0,No Crisis,,27856.48,11855.326666666666,96.63,89.53,979.23,10664.39,144234.0,3.35,4.7,1.1,4.23,4.33,-2.671009771986965,,,,
2023-06-30,2023-06,2023,6,Jun,2023-24,Q1,82.23,0,-0.13,5.33,1.0387532591204354,595.05,0.73,1.0014427565136153,640.7,-7.13,0,11.17765725284902,11.184506253917633,34.324887656,53.203063818,-18.878176162,18.878176162,258.153535766,53.23566347933334,-17.325899888727903,-18.8143884726776,0.64516749962785,74.89,74.93,74.93,Indian Basket,-0.07,-35.41,-1.07,-37.63324450366422,12.582172092,40.620891726,6.757130054,27.567757602,5.825042038,23.64933744237323,103463.201112516,183582.21,-2.52,16.166847704552232,181.0,4.87,5.08,0.02,24.431588943727,-8.963549144834,-56.701224032891,47.737674888058,35.120882929915005,22.838205008033,33.822330742412,4.729868741167,15.730821923073,24.431588943727,16.59999999999991,-7.831588943727091,0,No Crisis,,27250.01,20272.76333333333,96.63,89.53,979.23,10664.39,144234.0,4.69,3.92,2.48,4.78,4.96,-3.31168831168831,158.13507151,,7.37,43832.28
2023-07-31,2023-07,2023,7,Jul,2023-24,Q2,82.15,0,-0.1,3.2,0.9289889421007376,605.81,1.81,5.495864170657372,640.7,-5.45,0,11.095291630536003,11.398990576466776,34.489893621,53.145933926,-18.656040305,18.656040305,251.373986091,54.60063783566667,-16.66179662231315,-10.03216284790356,0.6489658017680802,80.1,80.37,80.37,Indian Basket,7.26,-23.81,6.96,-26.45978699963276,11.812532453,41.333401473,6.71572685,27.774166771,5.096805602999999,22.22659680691223,97039.954101395,183314.87,-0.15,16.125347682635205,186.3,7.44,5.12,0.04,,,,,,,,,,,,,0,No Crisis,,13922.01,23009.5,96.63,89.53,979.23,10664.39,144234.0,10.57,3.67,2.48,7.63,7.2,-2.060528010302653,,,,
2023-08-31,2023-08,2023,8,Aug,2023-24,Q2,82.79,0,0.77,4.06,0.9332770545802858,598.24,-1.25,6.756129769085262,640.7,-6.63,0,10.65844391825062,9.643462818743478,38.284776857,62.035807183,-23.751030326,23.751030326,250.263606845,56.128268309,0.2531669827315674,3.422782754436171,0.6171399808511137,86.16,86.43,86.43,Indian Basket,7.54,-11.26,7.57,-12.616632860040566,16.293006207,45.742800976,9.54109106,28.743685797,6.751915147,26.26387395740192,134889.79838775302,182646.4,-0.36,13.725340759342863,186.2,6.83,5.33,0.21,,,,,,,,,,,,,0,No Crisis,,-20620.65,6850.456666666668,96.63,89.53,979.23,10664.39,144234.0,9.19,4.31,2.47,7.02,6.59,-1.2305699481865329,,,,
2023-09-30,2023-09,2023,9,Sep,2023-24,Q2,83.05,0,0.32,3.51,0.919210382487448,587.71,-1.76,10.334922840085614,640.7,-8.27,0,10.407661605163044,10.838320955095131,34.40798036699999,54.225188794000005,-19.817208427,19.817208427,242.099500328,56.46897663433333,-14.43367226649318,-2.7770394704853985,0.6345386919299619,94.0,93.54,93.54,Indian Basket,8.23,3.12,9.1,4.25909494232477,14.00016118,40.225027614,6.457828186,27.950152181,7.542332994,25.818556820864607,116271.3385999,182843.13,0.11,17.671946346526866,184.1,5.02,5.33,0.0,2.518581789385,-11.28409279688,-64.545720765886,53.261627969007,39.94012636684,24.925956383161,12.856498302779,-0.833486074305,4.946527546528,2.518581789385,-7.339999999999918,-9.858581789384916,0,No Crisis,,-26692.16,-11130.266666666668,96.63,89.53,979.23,10664.39,144234.0,6.3,-0.11,2.28,5.33,4.65,-1.8745959922430333,210.24394266,,7.45,43731.21
2023-10-31,2023-10,2023,10,Oct,2023-24,Q3,83.24,0,0.23,1.09,0.5522207233278381,588.46,0.13,10.194374742519008,640.7,-8.15,0,9.846005587543452,9.334987983108643,33.4335355,63.038110072,-29.604574572,29.604574572,245.39536979,59.766368683,8.854375780678314,5.796328153326513,0.5303702071939235,91.06,90.08,90.08,Indian Basket,-3.7,-1.77,-3.13,-2.222699452378385,16.142912937,46.895197135,5.88466464,27.54887086,10.258248296999998,25.608180382568747,134373.60728758798,183052.39,0.11,16.83495339587642,185.3,4.87,5.33,0.0,,,,,,,,,,,,,0,No Crisis,,-29056.61,-25456.47333333333,96.63,89.53,979.23,10664.39,144234.0,6.29,-0.39,1.96,5.12,4.62,-2.680280791320988,,,,
2023-11-30,2023-11,2023,11,Nov,2023-24,Q3,83.3,0,0.08,1.82,0.5022517478135955,604.17,2.67,9.219588914800148,640.7,-5.7,0,10.53668328884576,11.033914223795604,33.745881909999994,54.755727455,-21.009845545,21.009845545,244.340903331,57.33967544033334,-3.855362426038267,-3.271171502221004,0.6162986682577349,83.18,83.46,83.46,Indian Basket,-7.35,-4.67,-8.65,-8.66366531239704,14.934763898,39.820963557000006,7.390028718,26.355853192,7.54473518,27.27525428325989,124406.58327034,189013.71,3.26,17.21603823272617,186.3,5.55,5.33,0.0,,,,,,,,,,,,,0,No Crisis,,3901.82,-17282.316666666666,96.63,89.53,979.23,10664.39,144234.0,8.02,-0.77,2.09,5.85,5.26,-2.109974424552441,,,,
2023-12-31,2023-12,2023,12,Dec,2023-24,Q3,83.28,0,-0.02,0.99,0.4601671303763246,622.45,3.03,10.614515211828255,640.7,-2.85,0,10.688378058696223,10.936558042981549,38.391029217,56.914615874000006,-18.523586657,18.523586657,239.730286347,58.236151133666674,-7.030766413371358,0.8047058141735342,0.6745372630115205,77.86,77.42,77.42,Indian Basket,-7.24,-0.87,-6.4,-3.7577255871446336,14.940485844,41.97413003,6.888757908,31.502271309,8.051727936000002,26.250701361274025,124424.366108832,193521.94,2.39,15.372174670958303,185.7,5.69,5.33,0.0,5.998168034978,-10.430461467138,-71.64558315302399,61.215121685885,45.006268853476,29.302326311716,17.189160471824998,3.956467556888,12.012163983911,5.998168034978,34.74000000000001,28.74183196502201,0,No Crisis,,31959.78,2268.3299999999995,96.63,89.53,979.23,10664.39,144234.0,8.7,-0.99,1.96,5.93,5.46,-2.504816955683997,266.24788988,,7.75,48327.6
2024-01-31,2024-01,2024,1,Jan,2023-24,Q4,83.12,0,-0.19,1.49,0.4045760968987312,619.96,-0.4,7.9279969360398495,640.7,-3.24,0,11.246289913813712,11.543403823660189,37.323801296,53.706862332,-16.383061036,16.383061036,239.086345777,55.12573522033333,1.6667506862759751,4.258243392467365,0.6949540463800558,80.23,79.22,79.22,Indian Basket,2.32,-2.1,3.04,-3.4420507883018425,15.525596096,38.181266236000006,8.614796069,28.709005227,6.910800026999999,28.908030411505585,129048.754749952,193887.63,0.19,10.87588559829362,185.5,5.1,5.33,0.0,,,,,,,,,,,,,0,No Crisis,,-35977.87,-38.756666666668025,96.63,89.53,979.23,10664.39,144234.0,7.58,-0.6,1.96,5.34,4.92,-2.4516129032258083,,,,
2024-02-29,2024-02,2024,2,Feb,2023-24,Q4,82.96,0,-0.19,0.43,0.3372437298651034,625.16,0.84,11.096104634631777,640.7,-2.43,0,11.003397419026667,10.449976070211724,41.405624064,59.824060438,-18.418436374,18.418436374,240.93698054,56.815179548,11.65058949231641,11.8656768637303,0.6921232654696122,83.76,81.62,81.62,Indian Basket,3.03,-0.8,4.41,1.2694958287994274,16.891037972,42.933022466,8.21595805,33.189666014000004,8.675079922,28.234522779518457,140128.05101571197,192937.23,-0.49,9.488394596981696,185.8,5.09,5.33,0.0,,,,,,,,,,,,,0,No Crisis,,-15962.72,-6660.270000000001,96.63,89.53,979.23,10664.39,144234.0,7.76,-0.77,1.83,5.34,4.78,-2.388637830858631,,,,
2024-03-31,2024-03,2024,3,Mar,2023-24,Q4,83.0,0,0.04,0.86,0.3094900497739537,646.42,3.4,11.750367361051062,646.42,0.0,0,11.396043883865266,11.413053080619076,41.692743606,56.638657109,-14.945913503,14.945913503,236.919918937,56.723193293,-7.029027072069094,-0.631771762588107,0.7361181520558144,85.45,84.49,84.49,Indian Basket,3.52,7.58,2.01,8.811919011842617,16.342380999,40.29627611,5.41587249,36.276871116,10.926508509,28.853757898160264,135641.7622917,203123.59,5.28,13.42220782320207,185.8,4.85,5.33,0.0,30.753604896648,4.567237226804,-52.018556704916,56.58579393172,42.684317347172,28.718521238792,25.542870893367,2.29872925034,11.391806190012,30.753604896648,23.96999999999992,-6.783604896648086,0,No Crisis,339066.0,3314.47,-16208.706666666669,96.63,89.53,979.23,10664.39,144234.0,7.74,-3.35,1.52,5.51,4.14,-2.1963824289405687,139.04450605,,8.08,52159.83
2024-04-30,2024-04,2024,4,Apr,2024-25,Q1,83.41,0,0.49,1.69,0.3029988998879809,640.2,-0.96,8.490086426029485,646.42,-0.96,0,11.234813841915178,11.749366178294252,39.802470777,54.488045592,-14.685574815,14.685574815,237.17293254,56.983587713,11.084449922654516,14.974735105587666,0.7304807934392833,90.05,89.44,89.44,Indian Basket,5.86,6.78,5.39,7.062180477945534,16.493398823,37.994646769,11.24282594,28.559644837,5.250572882999999,30.269756684797628,137571.43958264298,222332.88,9.46,18.88158754831357,186.7,4.83,5.33,0.0,,,,,,,,,,,,,0,No Crisis,,-35692.19,-16113.48,94.72,87.62,803.0,10664.39,144234.0,7.87,-4.02,1.09,5.43,4.11,-0.8430609597924632,,,,
2024-05-31,2024-05,2024,5,May,2024-25,Q1,83.44,1,0.04,1.34,,651.51,1.77,10.290831527627288,651.51,0.0,0,11.310813442042509,10.563566528189764,38.780797612,61.675192584,-22.894394972,22.894394972,237.567842694,57.60063176166667,7.349107986820691,10.949902666271717,0.6287908636715089,82.0,83.62,83.62,Indian Basket,-6.51,11.52,-8.95,8.322324966974893,19.97213452,41.703058064,7.141448381,31.639349231,12.830686139,32.382767986980305,,224506.11,0.98,19.204153140195302,187.7,4.8,5.33,0.0,,,,,,,,,,,,,0,No Crisis,,-42214.28,-24864.0,94.72,87.62,803.0,10664.39,144234.0,7.87,-3.67,0.97,5.34,4.21,-0.1301236174365616,,,,
2024-06-30,2024-06,2024,6,Jun,2024-25,Q1,83.47,0,0.04,1.5,,652.0,0.07,9.57062431728426,652.0,0.0,0,11.361503752590323,11.643466114847662,35.445828241,55.99707111,-20.551242869000003,20.551242869000003,239.240909401,57.386769762,5.251590963929997,3.265678816589101,0.6329943252098065,82.56,82.55,82.55,Indian Basket,-1.28,10.17,0.68,10.241687808786226,15.05953291,40.937538200000006,5.890705892,29.555122349,9.168827018,26.8934296231623,125701.92119977,222532.31,-0.88,21.21670721798152,190.2,5.08,5.33,0.0,5.225978735622,-4.484468278304,-59.793510790249,55.309042511945,39.850127467496,26.304457889954,8.937657773036001,6.223664266186,0.94474022824,5.225978735622,5.580000000000041,0.3540212643780407,0,No Crisis,,2037.47,-25289.666666666668,94.72,87.62,803.0,10664.39,144234.0,8.36,-3.61,0.97,5.66,4.39,0.1951854261548646,149.68651975,,8.67,56528.43
2024-07-31,2024-07,2024,7,Jul,2024-25,Q2,83.59,0,0.15,1.76,,670.62,2.86,10.69807365345572,670.62,0.0,0,11.357085225562663,11.275938677531055,32.679534543,59.473540889000006,-26.794006346,26.794006346,247.378875442,59.04860152766667,11.906097975078444,-5.248955238579567,0.5494802235500372,85.3,84.15,84.15,Indian Basket,1.94,4.7,3.32,6.4918851435705305,14.49396031,44.979580579,3.866350895,28.813183648,10.627609415,24.3704344711057,121155.01423129,222015.53,-0.23,21.11157703682193,193.0,3.6,5.33,0.0,,,,,,,,,,,,,0,No Crisis,,5407.83,-11589.659999999998,94.72,87.62,803.0,10664.39,144234.0,5.06,-5.48,2.6,4.1,3.03,0.5829015544041471,,,,
2024-08-31,2024-08,2024,8,Aug,2024-25,Q2,83.9,0,0.36,1.34,,682.23,1.73,14.039515913345824,682.23,0.0,0,11.124499335400332,9.958136997175515,32.890092243,68.509802606,-35.619710363,35.619710363,259.247555479,61.32680486833333,10.435901001339907,-14.090939158794214,0.4800786309683445,80.86,78.27,78.27,Indian Basket,-6.99,-9.44,-5.2,-6.151346332404827,12.126815014,56.382987592,4.204864754,28.685227489000003,7.92195026,17.70084652519193,101743.97796746,218908.63,-1.4,19.85378852252222,193.0,3.65,5.33,0.0,,,,,,,,,,,,,0,No Crisis,,-20339.26,-4297.986666666667,94.72,87.62,803.0,10664.39,144234.0,5.3,-5.25,2.71,4.16,3.14,-0.5154639175257603,,,,
2024-09-30,2024-09,2024,9,Sep,2024-25,Q2,83.81,0,-0.11,0.92,,705.78,3.45,20.089840227322988,705.78,0.0,0,11.340687328898156,12.019490731169189,34.079176777,58.719625963,-24.640449186,24.640449186,264.070796238,62.23432315266666,8.288467535031074,-0.9556027017364356,0.580371148795698,74.29,73.69,73.69,Indian Basket,-5.85,-21.22,-8.12,-20.96808510638297,14.904999586,43.814626377,4.30190124,29.777275537,10.603098346,25.38333536966301,124918.801530266,226690.57,3.55,23.98090647430941,194.2,5.49,5.13,-0.2,18.613506894534,-20.862360908736,-88.530499037238,67.668138128501,44.461255504511,32.400304509797,39.924301194917,-2.820947981432,19.850061070529,18.613506894535,53.77999999999997,35.16649310546497,0,No Crisis,,12611.79,-773.2133333333326,94.72,87.62,803.0,10664.39,144234.0,8.36,-1.34,2.71,5.87,5.05,-0.1935483870967869,248.26777147,,9.33,65796.42
2024-10-31,2024-10,2024,10,Oct,2024-25,Q3,84.03,0,0.26,0.95,,682.13,-3.35,15.91781939299186,705.78,-3.35,0,10.6417121023168,10.483096348802924,38.98307718900001,65.069515466,-26.086438277000003,26.086438277000003,260.552659943,64.09964801166666,3.222503643716146,16.598728211080193,0.5990989315014859,75.66,75.12,75.12,Indian Basket,1.94,-16.61,1.84,-16.911926202503846,18.884162486,46.185352980000005,4.413356737,34.569720452,14.470805749,29.021520063211963,158683.617369858,238584.16,5.25,30.336544636210427,196.8,6.21,4.83,-0.3,,,,,,,,,,,,,0,No Crisis,,-114445.89,-40724.45333333333,94.72,87.62,803.0,10664.39,144234.0,9.69,-1.67,2.77,6.68,5.62,1.0315925209542165,,,,
2024-11-30,2024-11,2024,11,Nov,2024-25,Q3,84.36,0,0.4,1.28,,659.43,-3.33,9.146432295545948,705.78,-6.57,0,10.538646540126576,10.3151157163649,31.942523366,63.928512111,-31.985988745,31.985988745,271.528803143,62.57255118,16.7521921127584,-5.34393662850341,0.4996600469996507,74.4,73.02,73.02,Indian Basket,-2.8,-12.51,-1.67,-10.55542197643664,15.90817692,48.020335191,3.521277179,28.421246187,12.386899741,24.8843221822188,134201.38049712,237221.49,-0.57,25.50491178655772,196.5,5.48,4.64,-0.19,,,,,,,,,,,,,0,No Crisis,,-45974.12,-49269.40666666667,94.72,87.62,803.0,10664.39,144234.0,8.2,-1.83,2.7,5.95,4.89,0.1280409731114096,,,,
2024-12-31,2024-12,2024,12,Dec,2024-25,Q3,84.99,0,0.74,2.05,,635.7,-3.6,2.128685034942568,705.78,-9.93,0,10.17494071667027,10.879119093092338,37.804047023,58.433039896,-20.628992873,20.628992873,273.634209359,62.47702249099999,2.6678982167982035,-1.5289566494353757,0.6469635516188138,73.83,73.34,73.34,Indian Basket,0.44,-5.27,-0.76,-5.175956845620345,13.59545396,44.837585936,4.709168288,33.094878735,8.886285672,23.26672373061096,115547.76320604,237068.93,-0.06,22.50235296318339,195.4,5.22,4.48,-0.16,-37.660494216491,-11.338391627301,-79.308639247156,67.970247619855,51.21005681739,33.182453642478,-26.620179615216,-2.810198351468,-11.372036486735,-37.660494216491,-70.07999999999993,-32.419505783508924,0,No Crisis,,-16982.48,-59134.16333333334,94.72,87.62,803.0,10664.39,144234.0,7.69,-1.33,2.64,5.76,4.58,-0.9541984732824416,265.78590754,,10.35,66267.61
2025-01-31,2025-01,2025,1,Jan,2024-25,Q4,86.27,0,1.51,3.78,,630.61,-0.8,1.717852764694494,705.78,-10.65,1,10.387277681486452,10.550967647185642,36.338507803,59.76797779,-23.429469987,23.429469987,280.68061831,60.70984326566667,11.285551221614789,-2.63985301278944,0.6079929277627314,,80.2,80.2,Indian Basket,9.35,1.24,,,13.439999705,46.327978085000005,3.477555148,32.860952655,9.962444557,22.486957400872104,115946.877455035,244581.66,3.17,26.14608781385384,193.4,4.26,4.33,-0.15,,,,,,,,,,,,,0,No Crisis,,-87374.66,-50110.420000000006,94.72,87.62,803.0,10664.39,144234.0,5.68,-1.49,2.76,4.59,3.87,-1.6497461928933976,,,,
2025-02-28,2025-02,2025,2,Feb,2024-25,Q4,87.05,0,0.91,4.93,,638.7,1.28,2.1658455435408674,705.78,-9.5,0,11.302427998544134,12.44327575259016,36.910921551,51.328927583,-14.418006032,14.418006032,276.68018796800004,56.50998175633333,-14.200194357927488,-10.855294696325824,0.719105644498694,,77.33,77.33,Indian Basket,-3.58,-5.26,,,11.892293769,39.436633814,5.718787482,31.192134069,6.173506287,23.16879453553729,103522.417259145,264634.6,8.2,37.1609823568007,192.5,3.61,4.33,0.0,,,,,,,,,,,,,0,No Crisis,,-58988.08,-54448.40666666668,94.72,87.62,803.0,10664.39,144234.0,3.84,-1.33,2.93,3.79,3.32,-2.209595959595956,,,,
2025-03-31,2025-03,2025,3,Mar,2024-25,Q4,86.64,0,-0.48,4.39,,668.33,4.64,3.3894372080071955,705.78,-5.31,0,11.467755881126775,10.485208835348672,42.047598945,63.740265978,-21.692667033000003,21.692667033000003,283.426941498,58.279057117,12.538448528772662,0.8511201429999726,0.6596709050369002,,72.47,72.47,Indian Basket,-6.28,-14.23,,,19.00840442,44.731861558,4.8952019920000005,37.152396953,14.113202427999996,29.821658457717703,164688.81589487998,270416.58,2.18,33.12908658221334,192.0,3.34,4.33,0.0,8.788582268175,13.625532595705002,-59.314135817861,72.939668413565,53.314443641083,31.503525735278,-5.616997834892,0.366378505218,-5.858631636311,8.788582268173998,32.629999999999995,23.841417731826,0,No Crisis,20018.0,2014.18,-48116.18666666667,94.72,87.62,803.0,10664.39,144234.0,2.88,1.42,3.36,3.25,3.43,-3.731343283582089,128.27208627,,11.69,77793.31
2025-04-30,2025-04,2025,4,Apr,2025-26,Q1,85.56,0,-1.24,2.58,,688.43,3.01,7.533583255232723,705.78,-2.46,0,11.445188774456536,10.529462800370975,38.283772069,65.381303211,-27.097531142,27.097531142,295.838897825,60.15016559066667,19.99201384569272,-3.815589028401689,0.5855461758761485,,67.72,67.72,Indian Basket,-6.55,-24.28,,,20.701504988,44.679798223,7.12402892,31.159743149,13.577476068,31.662729207448866,177122.076677328,288759.48,6.78,29.87709240306696,192.6,3.16,4.33,0.0,,,,,,,,,,,,,0,No Crisis,,2735.02,-18079.626666666667,94.72,87.62,803.0,10664.39,144234.0,2.14,2.92,3.67,2.92,3.36,-7.664670658682637,,,,
2025-05-31,2025-05,2025,5,May,2025-26,Q1,85.19,0,-0.43,2.1,,691.31,0.42,6.10888551211799,705.78,-2.05,0,10.916750052037257,11.359897929466648,38.303588166,60.855300311,-22.551712145,22.551712145,295.496214998,63.32562316666667,-1.329371240930166,-1.2305302504978188,0.629420740186149,,64.04,64.04,Indian Basket,-5.43,-23.42,,,14.745070293,46.110230018,5.43679133,32.866796836,9.308278963,24.229722337488376,125613.253826067,294382.12,1.95,31.124324411482608,193.0,2.82,4.33,0.0,,,,,,,,,,,,,0,No Crisis,,11773.25,5507.483333333334,94.72,87.62,803.0,10284.02,144234.0,1.5,2.84,3.85,2.59,3.12,,,,,
2025-06-30,2025-06,2025,6,Jun,2025-26,Q1,85.9,0,0.84,2.91,0.7385751023546455,698.12,0.98,7.073619631901851,705.78,-1.09,0,11.615142641443114,12.909908870152332,34.978851579,54.076291864,-19.097440285,19.097440285,294.04241241399995,60.104298462,-3.430142341242892,-1.3174375805947491,0.6468426434817425,,69.77,69.77,Indian Basket,8.95,-15.48,,,13.794335194,40.28195667,4.464188169,30.51466341,9.330147025,25.509025708886018,118493.33931646,302184.49,2.65,35.79353488039556,194.2,2.1,4.33,0.0,4.507546374318,-2.895420641786,-68.88657312701,65.99115248522399,47.901141254825,30.865901860174,8.634953378269,4.762876288161,1.608246989976,4.507546374318,29.789999999999964,25.282453625681963,0,No Crisis,,7488.98,7332.416666666667,94.72,87.62,803.0,9903.87,144234.0,-0.15,2.55,3.9,1.72,2.56,,134.87619185,,12.02,84503.66
2025-07-31,2025-07,2025,7,Jul,2025-26,Q2,86.11,0,0.25,3.01,0.7380004722015361,690.11,-1.15,2.9062658435477617,705.78,-2.22,0,11.51354962492568,10.63585522793918,37.017645092,64.885238207,-27.867593115,27.867593115,295.115999183,59.93894346066666,9.099336002375004,13.27470115368956,0.5705095043945826,,70.95,70.95,Indian Basket,1.69,-15.69,,,15.566613195,49.318625012,4.127724474,32.889920618,11.438888721,23.990993367919287,134044.106222145,303447.01,0.42,36.67828101935031,196.1,1.61,4.33,0.0,,,,,,,,,,,,,0,No Crisis,,-47666.68,-9468.15,94.72,87.62,803.0,9695.98,144234.0,-0.84,2.67,2.12,1.18,2.1,,,,,
2025-08-31,2025-08,2025,8,Aug,2025-26,Q2,87.52,0,1.63,4.32,0.8392023629975068,695.36,0.76,1.9245708925142544,705.78,-1.48,0,11.529302364184067,11.2198818811658,34.770202664,61.975697014,-27.20549435,27.20549435,286.70178317,60.31240902833333,-9.537475431913956,5.716342803508367,0.5610296348284003,,69.11,69.11,Indian Basket,-2.59,-11.7,,,13.261437383,48.714259631,4.1697033,30.600499364,9.091734083,21.397802722580607,116064.099976016,310116.44,2.2,41.664784983579686,197.0,2.07,4.33,0.0,,,,,,,,,,,,,0,No Crisis,,-46902.92,-29026.873333333333,94.72,87.62,803.0,9898.09,144234.0,0.05,2.32,1.94,1.69,2.47,,,,,
2025-09-30,2025-09,2025,9,Sep,2025-26,Q2,88.32,0,0.92,5.39,0.8398065253378263,700.09,0.68,-0.8062002323670159,705.78,-0.81,0,10.718074045664425,10.13228469754798,36.134088861,69.094979158,-32.960890297,32.960890297,295.022224281,65.31863812633334,17.66931077104894,6.029817261861958,0.5229625842765204,,69.61,69.61,Indian Basket,0.72,-5.54,,,14.028852809,55.066126349,4.714887071,31.41920179,9.313965738,20.30372247008009,123902.828009088,340819.89,9.9,50.34586132100687,197.0,1.44,4.22,-0.11,-10.917018558046,-14.00248878209,-89.09843652232199,75.095947740232,50.871138310977,36.287558263004,2.092105758719,1.634940539571,-5.746929505638,-10.917018558046,1.9700000000000275,12.887018558046028,0,No Crisis,,-35301.36,-43290.32,94.72,87.62,803.0,10309.61,144234.0,-1.37,1.98,1.82,1.07,1.83,,216.64977136,,13.57,95017.12
2025-10-31,2025-10,2025,10,Oct,2025-26,Q3,88.42,0,0.11,5.22,0.8438763373428987,689.73,-1.48,1.114157125474624,705.78,-2.27,0,9.957678931377693,8.989316241750672,34.111488826,76.72774896899999,-42.616260143,42.616260143,311.552046147,69.26614171366667,17.916582626301604,-12.496674747817604,0.444578256033315,,65.08,65.08,Indian Basket,-6.51,-13.37,,,14.788232923,61.939516046,3.701424468,30.410064358,11.086808454999998,19.27364365788293,130757.555505166,381998.35,12.08,60.110524520990815,197.3,0.25,4.09,-0.13,,,,,,,,,,,,,0,No Crisis,,-2346.89,-28183.72333333333,94.72,87.62,803.0,10263.6,144234.0,-3.72,1.98,0.94,-0.25,0.88,,,,,
2025-11-30,2025-11,2025,11,Nov,2025-26,Q3,88.83,0,0.46,5.29,0.8438601779915871,687.93,-0.26,4.321914380601433,705.78,-2.53,0,9.883866828184344,10.922787146143005,37.879713986000006,62.981177862,-25.101463876,25.101463876,304.667521278,69.60130199633333,-1.4818650047026427,18.587105821200154,0.6014449915338106,,64.31,64.31,Indian Basket,-1.18,-11.93,,,14.107950222,48.87322764,3.679957919,34.199756067,10.427992303,22.400264175611905,125320.921822026,382098.9,0.03,61.07263300639416,197.9,0.71,3.88,-0.21,,,,,,,,,,,,,0,No Crisis,,-17500.31,-18382.853333333333,94.72,87.62,803.0,9969.23,144234.0,-2.78,2.32,0.88,0.1,1.4,,,,,
2025-12-31,2025-12,2025,12,Dec,2025-26,Q3,90.09,0,1.42,6.01,0.8878864928820672,687.73,-0.03,8.18467830737768,705.78,-2.56,0,10.104514713190216,10.666442939774717,38.238330299,64.476039846,-26.237709547,26.237709547,310.276237952,68.06165555899999,10.341751791033673,1.1487745630402335,0.593062638312335,,62.2,62.2,Indian Basket,-3.28,-15.19,,,14.395739463,50.080300383,4.129920968,34.108409331000004,10.265818495,22.32726993994047,129691.216822167,408385.38,6.88,72.26440428106713,198.0,1.33,3.72,-0.16,-24.408693110483,-15.515993941058,-95.870101479905,80.354107538847,57.486263727614,35.128239708907,-7.703322664157,-3.659182982152,-0.1772546286429999,-24.408693110483,-12.360000000000014,12.048693110482986,0,No Crisis,,-34349.62,-18065.60666666667,94.72,87.62,803.0,9873.48,144234.0,-1.85,1.97,0.76,0.76,2.03,,241.33882718,,16.27,113320.17
2026-01-31,2026-01,2026,1,Jan,2025-26,Q4,90.8,0,0.79,5.26,0.8356035742703153,711.55,3.46,12.835191322687557,711.55,0.0,0,10.743953344081667,9.989943237513312,36.474160819,71.226630931,-34.752470112000005,34.752470112000005,321.599238077,66.22794954633333,19.17189365392449,0.3733037601197253,0.512086004100544,,63.08,63.08,Indian Basket,1.41,-21.35,,,13.403769002,57.822861929,3.676271843,32.797888976,9.727497159,18.81847958663769,121706.22253815996,453216.47,10.98,85.30272057193493,,,3.64,-0.08,,,,,,,,,,,,,0,No Crisis,,-41435.22,-31095.050000000003,94.72,87.62,803.0,9506.74,144234.0,,,,,,,,,,
2026-02-28,2026-02,2026,2,Feb,2025-26,Q4,90.73,0,-0.08,4.22,0.8329515792249429,728.49,2.38,14.058243306716768,728.49,0.0,0,10.959585034835827,11.434634455589372,36.619662258,63.709076388,-27.08941413,27.08941413,334.270646175,66.47058238833334,24.11924306226938,-0.7890870256316074,0.5747950580067982,,69.01,69.01,Indian Basket,9.4,-10.76,,,12.965627626,50.743448762,3.420039705,33.199622553,9.545587921,20.35130370912449,117637.139450698,480602.21,6.04,81.60974037408566,,,3.64,0.0,,,,,,,,,,,,,0,No Crisis,,-6640.78,-27475.20666666667,94.72,87.62,803.0,9678.16,144234.0,,,,,,,,,,
2026-03-31,2026-03,2026,3,Mar,2025-26,Q4,92.76,0,2.24,7.07,0.94883141843325,690.69,-5.19,3.345652596771065,728.49,-5.19,0,10.65197924245633,11.590955070504636,38.918611163,59.588704796,-20.670093633,20.670093633,333.248072775,64.84147070499999,-6.513247345771855,-7.441537354113469,0.6531206089515892,,,,No data,,,,,12.182762345,47.405942451,5.183182563,33.7354286,6.999579781999999,20.444751042512657,113007.30351221998,476658.11,-0.82,76.26807868067851,,,3.64,0.0,7.219424901241999,7.049177290042,-83.432660003632,90.481837293674,60.356244176530005,41.234254785469,-1.115357532815,4.208796945055,-12.047321953471998,7.219424901241999,2.9600000000000364,-4.259424901241963,0,No Crisis,-152691.0,-122540.41,-56872.136666666665,94.72,87.62,803.0,13332.09,144234.0,,,,,,,128.42216474,,16.5,113520.66
2026-04-30,2026-04,2026,4,Apr,2026-27,Q1,93.55,0,0.85,9.34,0.7578078432377959,691.11,0.06,0.3892915764856397,728.49,-5.13,0,10.619891295905534,9.607686387064312,43.723957383,71.93303071700001,-28.209073334,28.209073334,334.359614967,65.07693730033333,10.0207967480491,14.210160127886518,0.6078425578232542,,,,No data,,,,,18.615986972,53.317043745,9.743297289,33.980660094,8.872689682999997,25.879608833999068,174152.55812305998,466180.53,-2.2,61.44250225135468,,,3.64,0.0,,,,,,,,,,,,,0,No Crisis,,-70135.46,-66438.88333333335,94.72,87.62,803.0,13332.09,144234.0,,,,,,,,,,
2026-05-31,2026-05,2026,5,May,2026-27,Q1,95.6,0,2.19,12.22,0.7643277894313159,686.35,-0.69,-0.7174784105538623,728.49,-5.78,0,,,,,,,,,,,,,,,No data,,,,,,,,,,,,480914.12,3.16,63.36390267180629,,,3.63,-0.01,,,,,,,,,,,,,0,No Crisis,,-55963.33,-82879.73333333334,94.72,87.62,803.0,13332.09,144234.0,,,,,,,,,,
2026-06-30,2026-06,2026,6,Jun,2026-27,Q1,,0,,,,,,,,,0,,,,,,,,,,,,,,,No data,,,,,,,,,,,,,,,,,3.63,0.0,,,,,,,,,,,,,0,No Crisis,,-49028.63,-58375.80666666667,94.72,87.62,803.0,13332.09,144234.0,,,,,,,,,,
